date;usa;ch;uk;jp;emu;em
1988-01-29;0.10936987064109593;0.008786260309343263;0.05997372533925416;0.1204760048051643;-0.013466170435179392;0.1649162035225047
1988-02-29;0.0608046874567707;0.08004334759480725;0.015257397341034595;0.09454017896684586;0.14105299427963014;0.02233169015719727
1988-03-31;-0.04721429673148014;-0.029268814207822125;0.034047242321591065;0.06168125070285779;-0.0003627946596823639;0.0936270919583625
1988-04-29;0.02159965371522432;0.0066653285897673165;0.03923765707530591;0.022898472813694948;0.02759116180916865;0.06579752123748484
1988-05-31;0.04719739664443079;0.007050283420512726;0.009906624673783782;-0.006498948871977106;0.025993434101496793;0.06855714966272553
1988-06-30;0.09260003143982831;0.0573604910271579;0.013526827822418874;0.008432252820229524;0.05643638759291658;0.08002073497563855
1988-07-29;0.03376111262224646;0.01875812793880527;0.04668420148760455;0.0827818972432881;0.03511618679597395;0.01143461738208329
1988-08-31;-0.020734141586172594;-0.009722612467234937;-0.05457720493543139;-0.06265657738129105;-0.014265082969226461;-0.013977182463125515
1988-09-30;0.04747424080579421;0.03939868327076956;0.053692471960749444;0.04788857342100905;0.06616278941180576;0.0695443847153534
1988-10-31;-0.03165040836348654;0.04459922579031206;0.017066019487351758;0.02123125858071795;0.0396554246547598;-0.06876162055027402
1988-11-30;-0.04125170631871233;-0.0072141855016505385;-0.01488850310271439;0.06311215985042273;-0.01563232886667154;-0.03011177719248337
1988-12-30;0.05633930502089379;0.03813725794578082;0.0221438674355926;0.045773305263655306;0.05945788250665851;0.06653185486630431
1989-01-31;0.12458354229195279;0.020243503642547123;0.1617162678714117;0.05152520203541888;0.03477654091412674;0.03588846475543883
1989-02-28;-0.04515003341322443;0.004964142340706967;-0.04108807611574916;0.0042477388400739;-0.025867324235343547;0.061341372983514386
1989-03-31;0.08528246051534327;0.05462389415702029;0.06911273332871204;0.02789294697320699;0.07034990385103113;0.16237947242143047
1989-04-28;0.056568978518127144;0.03334222239825824;0.0163453336046262;0.0006862457799217125;0.04223752080601484;0.19202020583539192
1989-05-31;0.0800473950708962;-0.024634545822978082;-0.02821330808187339;-0.015124913008522145;0.003514115171416421;0.0549234415300075
1989-06-30;-0.03593510734315375;0.11898361622757514;-0.024054537427450007;-0.07693471456625134;0.015529042965241824;-0.15355144401005072
1989-07-31;0.05474883555380672;0.0923753162787263;0.11414850483444983;0.09580188200899042;0.057525373150868364;0.028843907331417173
1989-08-31;0.06354397504666776;0.04657525547010333;0.025132884520505328;-0.02052819556053498;0.04604657220000752;0.07161287894181823
1989-09-29;-0.04508174703626766;-0.040657907396253856;-0.04836902513768793;0.020838943155649048;-0.0021519280135939844;0.08306813787163381
1989-10-31;-0.02442624622286338;-0.05277619701339242;-0.09646319796302927;-0.027930677450352825;-0.04977949495332967;0.012212531998015308
1989-11-30;0.006755374044670193;0.0408000362273393;0.03944765819289886;0.03715103676369691;0.048657423009670575;-0.060550631233430297
1989-12-29;-0.004758085384667821;0.004262682192196499;0.07363570187846258;-0.029088208161829887;0.09753850452409685;0.09473677497061206
1990-01-31;-0.10354171717154459;-0.04082452783905732;-0.03199694123553132;-0.09877369432121286;-0.05011750423238004;-0.005787544971780467
1990-02-28;0.014159846442764468;0.0018473599046414657;-0.0280141290041529;-0.10405119924108919;-0.02644590499595112;0.038479766556812955
1990-03-30;0.02956305195905906;-0.02936200340663153;-0.023010896850459428;-0.18797352492502695;0.061156604048063556;-0.12944464167001357
1990-04-30;-0.044991405133377405;-0.03725719240701042;-0.08883888792128736;-0.011949399056435439;-0.03036027128520835;0.04746876585292359
1990-05-31;0.06693459359515319;0.14127348278592222;0.12339481587313184;0.11766432621324185;0.002099725791796403;0.05656963589179764
1990-06-29;-0.009338770098762383;0.012510061922407667;0.053803958398219054;-0.052283250959393124;0.016262713817453145;0.028856431897823498
1990-07-31;-0.03831694023216703;-0.020975497760247763;0.006271290324800671;-0.05025039564351874;0.006201136954319453;0.05131274074878556
1990-08-31;-0.13937767389384947;-0.15499167187158513;-0.1011694749863069;-0.14516358879350733;-0.17625176351368665;-0.1755486507638545
1990-09-28;-0.044757775123170807;-0.11540585777354928;-0.08726824597760363;-0.16198409241098044;-0.13162388169909378;-0.1261511008982511
1990-10-31;-0.011071836203545904;0.05318583921470521;0.07269310499929593;0.23451223831741264;0.09092095783976395;-0.026655629880319553
1990-11-30;0.06305398185191036;-0.02214567540360768;0.05173383462501413;-0.12275500799968198;-0.012504940849202062;-0.054903635848341126
1990-12-31;0.03761442419211036;0.012102079536734367;0.0024039903396118056;0.0568772384562064;-0.012773280108593132;0.051997295879265604
1991-01-31;0.022715579757005555;0.03157623904424689;0.012866319722111719;0.003499536596558439;-0.004139556557648527;0.055778419808261814
1991-02-28;0.10558058279607829;0.10495166289310087;0.11755470605058727;0.16263376384604;0.13307541289123437;0.18433334120842337
1991-03-29;0.141233237078511;0.06893239689950936;0.06436201188999768;0.0547268724915938;0.03393371179989835;0.15789170171340206
1991-04-30;0.007600689838364039;0.0069478119810855166;-0.009364627801091485;0.028645639816833324;4.578967276969159e-05;0.014154711328462577
1991-05-31;0.04066335000862176;0.04041300813018034;0.005861161761701927;-0.005428516622886237;0.04097945523550228;0.07750732110000103
1991-06-28;0.016000838197345102;-0.032521952322312364;-0.022524495331176952;-0.010083591078563825;-0.02603477403051757;0.026041392002846164
1991-07-31;0.025053329988397932;0.039682460386572416;0.09516741452356547;0.009214807954224025;0.012929835671708911;0.030015096663103202
1991-08-30;0.023377888512645106;-0.0010410851673516852;0.024804592261090108;-0.05602752238127284;0.01739123320642244;0.020151555188596793
1991-09-30;-0.065603984160296;-0.0371797950394942;-0.010793798297922597;0.038789628399743425;-0.01624615673698926;-0.08701467297206256
1991-10-31;0.03483824088695897;0.01627192475129846;-0.00772552051544062;0.0608742870505099;-0.0010381946138735554;0.05834785809717147
1991-11-29;-0.0630300619270362;-0.03223763800483315;-0.06980016844754755;-0.09316963353511865;-0.021832878405737444;-0.03752778846773275
1991-12-31;0.05384190704418035;0.02026643729390465;0.025160739681851063;-0.028652360108136654;0.013420045832362226;0.05194065843068796
1992-01-31;0.04360230691404554;0.06835298995136618;0.05027908524787994;0.01403821213890366;0.06757908027000004;0.17600266738225256
1992-02-28;0.045291379437476964;0.04113535553923198;0.022640027370918525;-0.049552284538758706;0.05668222120569455;0.07823664295041888
1992-03-31;-0.007483193074067973;-0.00464351216051806;-0.045676212806066596;-0.09733821431162037;-0.01442109106042877;0.04475929501781839
1992-04-30;0.0451669085205213;0.028355107730209106;0.13550264665412715;-0.04552677822546913;0.03406350005314063;0.008928705817169758
1992-05-29;-0.03856113704101627;0.03365779375274436;0.014434129599638523;0.037496355671891135;0.009284288707452792;-0.04626598252081526
1992-06-30;-0.07182074999325139;-0.023875953600281608;-0.09442214027969786;-0.14784768345572763;-0.06255295556942109;-0.1557836087279182
1992-07-31;-6.302576425398776e-05;-0.02295297663311846;-0.07928531825380603;-0.05306422961153345;-0.08594823723344114;-0.030929474822564806
1992-08-31;-0.06794768944778395;-0.021847449564509902;-0.046388179236660054;0.1333486409272281;-0.043103622578199;-0.09063537075244343
1992-09-30;-0.010528640865166139;0.05953569194046193;-0.03931344313302243;-0.04523259121352852;-0.045560528150161095;-0.017993327812058757
1992-10-30;0.11562304042430482;0.019405267428891926;0.02970653355406838;0.06321824696501721;0.05457863605113966;0.16297734208514325
1992-11-30;0.09255292367021872;0.01826890695040473;0.07201186402139181;0.08529130854398259;0.04870242652841783;0.04851118222080508
1992-12-31;0.015481506781446441;0.0733300898684699;0.046730438053531165;-0.010196595776033157;0.007748834462658616;0.033811895170781314
1993-01-29;0.013976738661261034;-0.004629172883864885;-0.01664132784548422;0.002062924738619465;0.028961472739971628;0.009988497671427288
1993-02-26;0.05159356876952992;0.02902435216395327;0.014024707668869318;0.08188923406133619;0.08547104390201321;0.0551833319954691
1993-03-31;0.004760596531680372;0.04902899113591408;0.05737861289764923;0.12499295221088125;0.019459537655265535;0.01720633507200886
1993-04-30;-0.0692493508612787;-0.020060101694966193;-0.017638945023269237;0.1306814392111615;-0.03726911486779927;-0.024223683399398066
1993-05-31;0.03101721197342333;0.08163256614116077;0.01262628690666423;0.033088490346006694;0.0014604623400640282;0.03326737262839141
1993-06-30;0.051741921035916905;0.04968020753568392;0.0383018017062875;0.03486456675811023;0.03126692100370143;0.07824919350387849
1993-07-30;0.014874500988691697;0.01277103193713236;0.013040959039075872;0.07938796328886988;0.02575266773281437;0.042328033440611534
1993-08-31;-0.0010055071217801581;0.033104254481411854;0.03313033746237004;-0.015220661625659493;0.07007482259936337;0.047275036602697385
1993-09-30;-0.045194043547532314;-0.0013378329658120247;-0.04684150320749836;-0.0828062171118017;-0.040891697741572974;0.0011769542463442306
1993-10-29;0.06103717025509647;0.09982919664315637;0.08264754504663574;0.03897971035759451;0.07989986694252527;0.133124358663405
1993-11-30;0.0009459995694143242;0.014486684892829782;0.012143218321074567;-0.1581985787834328;-0.031173983117224635;0.0518952574834064
1993-12-31;0.005266348907660423;0.07466987766454658;0.06790724049247643;0.024946848991669657;0.06618187992698854;0.15838224673023504
1994-01-31;0.025626772326092118;0.08169754624266123;0.03405755644558672;0.15078309607684282;0.02615293564801524;0.007379355147447919
1994-02-28;-0.051244220429473186;-0.08167828336710736;-0.07268107142494773;0.02262095874300618;-0.043076930521000034;-0.0410215649109652
1994-03-31;-0.05494270014427449;-0.023174616296048667;-0.07867640962192368;-0.054406214427293875;-0.010412288426663308;-0.1022415806556285
1994-04-29;0.014545201753642045;-0.013466972986309944;0.036560112079435436;0.04296742029124667;0.0563764439726584;-0.019789991500863136
1994-05-31;0.007055050711389121;-0.007969244977536816;-0.061980057603342575;0.012314570900326505;-0.05568361782550535;0.02452885463615151
1994-06-30;-0.06963755018922158;-0.03147297399307847;-0.038188255429365436;0.007777462441154515;-0.06395424581816489;-0.06922773337218524
1994-07-29;0.03915528297516002;-0.01749093105764754;0.058986697780376796;-0.030579299748169086;0.07140134149347666;0.06739829120869989
1994-08-31;0.025808586362397246;0.028565610998090407;0.0435378956826048;-0.006795532280365335;0.005540558256382222;0.1103889375608077
1994-09-30;-0.05505675101649088;-0.04026139963041808;-0.08021967353519133;-0.0586387705681084;-0.07915693171430538;-0.022708319986977088
1994-10-31;0.004476188687557281;-0.00875205654689526;0.039507209769203744;0.00885715999025738;0.018976025260464713;-0.03672703020735324
1994-11-30;0.02215611496297243;0.0352659655565436;0.012707063541335994;0.005900424144591465;0.01743233969805358;0.004107890508758705
1994-12-30;0.0005441049690245725;0.011009823752221037;-0.013169033052323642;-0.0027485901094695953;-0.009216036512194825;-0.09466754862781235
1995-01-31;-0.008628249591359882;-0.044157208595117514;-0.051592361842684786;-0.09463471864693385;-0.040511425490593944;-0.14283053049241046
1995-02-28;0.022499472770503903;0.043097163842717334;-0.011394977828703245;-0.06532739089933581;0.0115592299472842;-0.042814791347339565
1995-03-31;-0.04605460690316421;-0.00842431097509655;0.0023328330612244486;0.019087115202259808;-0.04228435170735656;-0.0667367444086584
1995-04-28;0.016000426357500985;0.0039586347249381815;-0.0015847340240965346;0.03331926294319698;0.027126687783843084;0.029229651097465337
1995-05-31;0.0503154898431708;0.058450141915225684;0.034306809915484626;-0.0508501232867995;0.024687583845310668;0.06422716626116132
1995-06-30;0.02928358109306317;0.034303725472631275;0.005579144223528676;-0.04318318672885468;0.013362033964188225;0.0074081030067938425
1995-07-31;0.03150290914074794;0.007950356601129416;0.053233672670520926;0.07705118796856336;0.05477847784988321;0.01975375843665872
1995-08-31;0.05038491401808631;0.02602226197724089;0.026504696159437957;0.010014748456631084;-0.0013058521157068848;0.02653195748042969
1995-09-29;-0.009912398557581859;0.03212862518835824;-0.024720370698300242;-0.04638243473238701;-0.04518747760433983;-0.059743991750876635
1995-10-31;9.999351012124347e-05;0.04284107103401413;-0.0006969155219993528;-0.05545212387599374;-0.013493882002205582;-0.03792894390740842
1995-11-30;0.06428204985450758;0.03316518977715388;0.026147258410190055;0.07941969832421081;0.025089913705149014;0.0022614997754608623
1995-12-29;0.006297904225596951;0.030595077634972268;0.01747556270442041;0.04221877988864631;0.03035373217056969;0.035319765864947894
1996-01-31;0.08988842872515557;-0.00574920741024787;0.05249727594163067;0.04096787893325704;0.08588495397484763;0.12507481968981105
1996-02-29;-0.00436233157603938;0.029913699166950303;-0.006816966920261902;-0.03267357771785262;-0.0019059249211222928;-0.0308888377483868
1996-03-29;0.004993285974662198;0.08264820465202982;-0.010849838771417764;0.030060961966883015;0.0013486099558694953;0.0024375778272571758
1996-04-30;0.054849780091813516;0.0011256115579059145;0.059324602789812664;0.09681953485901618;0.05229512535684111;0.07982792653992354
1996-05-31;0.04510450199285643;-0.014939902165873153;0.029885821026346626;-0.03316598854525776;0.030667208933811585;0.013723926613257276
1996-06-28;0.0007105085076345441;0.04473298713778784;-0.011234656244700325;4.404042259431584e-06;0.008011079616887185;0.0008454496239501674
1996-07-31;-0.09782929058319545;-0.0737854973434321;-0.04706445993088493;-0.0987075438620848;-0.07469848999622708;-0.1223868762534075
1996-08-30;0.03484897082537919;0.056073040486572356;0.06404269678103036;-0.03233898358794962;0.02102226544550101;0.03783301360412805
1996-09-30;0.10425443321072425;0.024304003195182444;0.0711679785659809;0.08278918343469788;0.07846397823942652;0.05668288339726679
1996-10-31;0.02537548534483236;-0.0029242069549627603;0.04698569664777008;-0.06737481554170988;0.01044139724487414;-0.027067648432394176
1996-11-29;0.10794190624423905;0.04104916934272973;0.08913860320991884;0.051349191566910424;0.08744998372314439;0.04890596118944024
1996-12-31;0.02212159722606588;0.021410107167070036;0.0755159429944221;-0.028140602673947246;0.057981628808216445;0.04538652044224434
1997-01-31;0.1211432950055431;0.08270509170625706;0.023057561090364942;-0.05627557217019585;0.0681344444444445;0.12065412333933057
1997-02-28;0.046465801802527906;0.05204911249702415;0.07050195935286929;0.06270138767252154;0.04459861277124966;0.08202862121637167
1997-03-31;-0.056963188042604695;0.04607333019293958;-0.001833059025810102;-0.04520597480613364;0.02840216603663992;-0.03866202626504345
1997-04-30;0.07073929372856846;0.029228948101204022;0.02304999314952827;0.04106648727137552;-0.012470218565035052;0.00642981869903303
1997-05-30;0.02079944492456809;0.03896049450717709;0.009672409578753038;0.07454638840439776;-0.005723711083142513;-0.007420586905164228
1997-06-30;0.07486469711364929;0.11099210801555404;0.04301842277738244;0.10396853090270075;0.09519166250983813;0.08262055760293086
1997-07-31;0.11772404937382008;0.05371262163840762;0.08525473241441728;0.008115438629163751;0.09309980225630854;0.05339210913220027
1997-08-29;-0.0762147192326671;-0.10965148536154878;-0.03336491878184744;-0.1036381970715089;-0.09348474886255309;-0.14427818419201788
1997-09-30;0.034271452017492376;0.08460391293062497;0.06859203510666989;-0.033121511168596074;0.08218127459752844;0.009575259526868218
1997-10-31;-0.05975679358040398;-0.03844127031895994;-0.07063220406274262;-0.1256970416153662;-0.09441747657643207;-0.1967663018979472
1997-11-28;0.06067820104636179;0.043729044539647655;0.01698887869481336;-0.049172965724004314;0.0322077827044529;-0.024422343365530175
1997-12-31;0.03523218652052851;0.07642512039271554;0.0580056185322011;-0.03681007312565765;0.05709677991317763;0.04436449005551668
1998-01-30;0.026880614438010708;0.05219310052980575;0.062398038332198036;0.1031935437972622;0.05649096449613955;-0.06461488341740451
1998-02-27;0.06504952353600135;0.08999600723484624;0.06407074595945739;6.63651128989251e-05;0.07618461382718889;0.09908755975141537
1998-03-31;0.0910813672434454;0.06098513319762744;0.09187341295743656;-0.02884122162452407;0.13227986183459994;0.08244994521333271
1998-04-30;-0.006417015934173431;-0.023146461579421573;-0.016125032326466116;-0.02220332168918071;0.015838547167228656;-0.029194448157756403
1998-05-29;-0.028864073786476374;0.03424267537933956;-0.04587049273009269;-0.06377077152012078;0.040738807033165236;-0.145994373455677
1998-06-30;0.07078404847042741;0.028129018142461826;0.04304717186117135;0.04183913793028271;0.04154304931622854;-0.07725318668119219
1998-07-31;-0.02988642380062434;0.053290708421909416;-0.04015337812906805;-0.033164430126523814;0.013624849504894287;0.011564641961406386
1998-08-31;-0.16683485835687883;-0.18410197069078993;-0.10022852309069563;-0.1416717694726487;-0.1715163741119885;-0.31692683424834844
1998-09-30;0.020296217305665;-0.13196591767477184;-0.06597280957612717;-0.07271823988241999;-0.08319283778509068;0.01784256662531203
1998-10-30;0.0502747381337616;0.11829328334492573;0.033673887792242674;0.140629664090421;0.05172742018539611;0.07802514400675076
1998-11-30;0.1124931092007515;0.0941798384876047;0.0891325163936767;0.0903244374555019;0.10468587326530376;0.12760456122266017
1998-12-31;0.03734355791725863;0.010961340141941611;0.009792405769800783;0.01706410768208444;0.035200113253577414;-0.03629784771204614
1999-01-29;0.07119850872109557;0.0048717286720382225;0.017616981735653625;0.03536838134902309;0.021940110545614733;0.011821118463645641
1999-02-26;-0.00924950466378971;-0.01355365426139643;0.04084672516584886;-0.0031404748036276686;-0.02908618447449307;0.028375082063452295
1999-03-31;0.07316376238073374;0.02075710459585134;0.06273402207020706;0.1704169175550161;0.034487103506381844;0.1633415487810681
1999-04-30;0.05851991339608298;0.020032591960165713;0.06101241800423729;0.06420135086388301;0.04994189792456627;0.1460387325888326
1999-05-31;-0.021799300763814644;-0.04873784518257218;-0.05392385310813863;-0.054783743706991905;-0.043175591668603186;-0.004370871312531888
1999-06-30;0.07114930802734598;0.0013176032450626929;0.019960590684611423;0.11212353471268699;0.044905101785868595;0.13082600323095517
1999-07-30;-0.07091933794845806;0.0012791494443347151;-0.02336975150188292;0.06143707353530492;-0.04134699726103164;-0.06569654684330617
1999-08-31;0.013513687499288052;0.019027161118379987;0.015931964510353613;0.012938783818728705;0.04174315865574352;0.028900792975965928
1999-09-30;-0.04493768998065073;-0.017258611608827246;-0.031409144748420936;0.04552621045230787;-0.019896681192171917;-0.04911329493049987
1999-10-29;0.0842795518069781;0.037452123840736595;0.048074226624249095;0.061833306954005796;0.06067309069182936;0.04014294771215643
1999-11-30;0.06312929896750696;0.03434902752623237;0.05400258137527425;0.08464943683170634;0.07829467341530627;0.131325722214108
1999-12-31;0.07624855772849948;0.02803119250407704;0.06352947840091194;0.06865472030762976;0.1431154248456845;0.13366759058340327
2000-01-31;-0.026943536868495044;-0.08292047435845507;-0.06498538315918201;-0.016620134494260252;-0.03407691009808522;0.03255570573517064
2000-02-29;-0.021615745110218576;-0.01972170561141995;-0.029440437285243815;-0.02369520529534408;0.09343893600431485;0.015340528999319147
2000-03-31;0.11115976921815762;0.09257228502638215;0.0850051380559338;0.093883594613281;0.008829539549846;0.016194149455845297
2000-04-28;0.0076706499989017685;0.006094406668519903;-0.0017142026740629701;-0.03510499183058036;-0.008702096719358843;-0.05479514746481928
2000-05-31;-0.05135002500495478;0.03044491217048162;-0.05869014304280207;-0.07572388185469725;-0.02658905409038026;-0.06626818851297922
2000-06-30;-0.012167097804305471;0.0027072570259235595;-0.026859497034198543;0.03267844893691707;-0.007303828274881297;-0.0009553995256094128
2000-07-31;0.01334661174928975;0.03480324006651481;0.037989757980887884;-0.08386202227284012;0.0016972076660022317;-0.020229530632094206
2000-08-31;0.08579431062141629;0.011663244426458497;0.04439606303482457;0.09863467747093102;0.009745170619520405;0.03869368766191794
2000-09-29;-0.05570464592551483;-0.05598777942362254;-0.028716008420971106;-0.05090751592146259;-0.05087602394095447;-0.0886436340093395
2000-10-31;0.03833204238078314;0.054515196526072396;0.05251280143101944;-0.012443532915893174;0.033201410970650214;-0.027069472168723685
2000-11-30;-0.12131318002663827;-1.3442702784582927e-05;-0.10115846023489639;-0.0837811384978222;-0.07787718005683919;-0.12978704627001791
2000-12-29;-0.05737173175268928;0.036917254090864104;0.01257082343943805;-0.11652615102661579;0.013209284729006732;-0.031688144887403014
2001-01-31;0.04109252758559978;-0.016649837627562447;-0.01194399823405523;-0.007356136016968051;0.010170848547180533;0.14222518780076432
2001-02-28;-0.07134144373567397;-0.04802273494563025;-0.04815394707887821;-0.026936458691075083;-0.08041782646408036;-0.060282017361402485
2001-03-30;-0.03074122122274703;-0.0642228505830581;-0.012133835065957332;0.004100604531161567;-0.042466728759628314;-0.06521105673660921
2001-04-30;0.07652379628244688;0.025459093013884826;0.06135279946362371;0.06659818789016658;0.08036265543969645;0.048022484682715416
2001-05-31;0.04711704195305355;0.029487711269722383;0.007832946913175487;0.03870866879838919;-0.022027927082534093;0.05303529541785612
2001-06-29;-0.022884934450773997;-0.04138545920464831;-0.034087464090889696;-0.05952972786912092;-0.03800499068195451;-0.02052683961423618
2001-07-31;-0.048523890687326654;-0.04884228761915943;-0.03820843787115835;-0.11370076934698081;-0.03442408657032059;-0.10238876164557031
2001-08-31;-0.10940893964503506;-0.04395535945986928;-0.052481660435493405;-0.0680055706952678;-0.08024644174325579;-0.05286336114151058
2001-09-28;-0.09952074434412073;-0.06922409943079166;-0.08886108125872894;-0.11581080799224686;-0.14918210886941452;-0.17785086389232485
2001-10-31;0.02090270553157003;0.005387364542193129;0.025561026694071787;0.00418068274681227;0.05057802382027843;0.06831935503515685
2001-11-30;0.10047867973010427;0.04518305693577673;0.045206405657304716;0.03424755574492777;0.07313429661879733;0.12781102660283628
2001-12-31;0.016466572683355274;0.03029749971842044;0.03384269007000662;-0.05733804028389111;0.03828655694852867;0.0894871814650231
2002-01-31;0.00347644918358192;-0.03792371904423841;-0.02457706627599443;-0.060688260614343625;-0.0381502632866193;0.051466244537914596
2002-02-28;-0.020989871415627026;0.027410765488581568;-0.0062880542233151315;0.040081700337839976;-0.006726346976159481;0.0149646078820449
2002-03-29;0.022862265696267592;0.05046177429002818;0.031851093107646555;0.043894787783337774;0.04458784025453566;0.045724939216646776
2002-04-30;-0.10067788549514556;-0.0070438557177879835;-0.03263089857878787;0.022396982913823638;-0.050952319791587986;-0.02933012142550584
2002-05-31;-0.043910569942999245;0.0024086028254225456;-0.05282189394823267;0.02587423761288632;-0.03747846968485857;-0.05240551451162967
2002-06-28;-0.12603926680987376;-0.0894863333650493;-0.09206442053192421;-0.10190494081897683;-0.07804758593876882;-0.12485219729496633
2002-07-31;-0.06993335531872136;-0.11825969748572618;-0.06536271794671278;-0.06750506146395507;-0.1395327212554719;-0.07410186545521802
2002-08-30;0.008124291485817725;0.0020243600648803817;-0.007066644326796934;-0.007227661088028969;0.012454510966363408;0.018772587170498012
2002-09-30;-0.11478597893860842;-0.06733595290209615;-0.10545593010008636;-0.045941639674969004;-0.17086961762144226;-0.10983563117078021
2002-10-31;0.0866722441873593;0.0297719704804702;0.07419766478776912;-0.07374212841814942;0.12506828939166859;0.06072249614461578
2002-11-29;0.0633649236672249;0.028185376673050655;0.033268060295779556;0.04373284612226502;0.06888668915722884;0.07200425922601195
2002-12-31;-0.1275047002613946;-0.09298220935045787;-0.08869629627021158;-0.09286530038061025;-0.11443534990930371;-0.10034058951654024
2003-01-31;-0.04649638677271739;-0.05651118940028432;-0.09287221178127048;-0.06286432871150083;-0.054872852330757005;-0.026701069009256728
2003-02-28;-0.01197582862975477;-0.049708142460733185;-0.01286741770266675;0.009140957038789477;-0.03822381371136019;-0.023745552681314952
2003-03-31;0.007401862956533334;-0.0058785723311964855;-0.002878222657534013;-0.04605278872803309;-0.03221337822437109;-0.030265580706582362
2003-04-30;0.08465280930781138;0.11913535338363856;0.10512361723957198;-0.0066926901580468545;0.16519070881029663;0.09017668465067374
2003-05-30;0.004005232807178349;0.012572170384502201;0.01173268144483941;-0.0010585191873010436;0.02190974940956425;0.022120760229594638
2003-06-30;0.06200780622192492;0.048620734579810865;0.05818178459721857;0.12337298782608497;0.06453767537145927;0.10660764233192022
2003-07-31;0.02609111961523536;0.04691504445571204;0.013754592626531004;0.048109186650376445;0.03296072036017317;0.07014902725215011
2003-08-29;0.050235765147579325;0.022343250900732303;0.02464437528188268;0.13686376238436737;0.03189297109399636;0.09859159054901223
2003-09-30;-0.07547618868036055;-0.02037335190829148;-0.02857871791176747;-0.004252361472242838;-0.06124146802879771;-0.056601507285246044
2003-10-31;0.06602755837262664;0.03115066669061628;0.07687821093893499;0.05472052191223353;0.08342286893948914;0.09404242616158287
2003-11-28;-0.018266952509651047;0.025388721413758475;0.0017505389010359362;-0.058807844940583776;0.024119742165827684;-0.01566017232433614
2003-12-31;0.007288248184083024;0.03459988881127951;0.030256142443491285;0.024705715348040114;0.044062938919530836;0.027821685524303197
2004-01-30;0.03979989075302659;0.04780635108551157;0.018633524710587435;0.0397767842753749;0.03917039160007163;0.057197862009021216
2004-02-27;0.016092924518913643;0.010508799989428441;0.04968540754063788;0.001038068290713401;0.02309202424718282;0.050089384236972956
2004-03-31;-0.011070859243567654;-0.01996636199553914;-0.01863579105369506;0.13944546391919554;-0.03400407700746999;0.017660701400663115
2004-04-30;0.003407674637140423;0.03546507043676783;0.011713731086786416;-0.03544097344696273;0.006355473681347368;-0.06299598037067389
2004-05-31;-0.02661174245844644;-0.031572882291153404;-0.01809912999702812;-0.07499282771302251;-0.023800137859649295;-0.059608841489721454
2004-06-30;0.031090333708101436;0.012584829678812248;0.012380869437400133;0.06607824366247383;0.03703963445661107;0.016766886038923623
2004-07-30;-0.021917313611419242;-0.021846627726695433;0.0021849714637389717;-0.04714724444278284;-0.026107171456665634;-0.00555092852011585
2004-08-31;0.005825272888654753;-0.0112644506828109;0.006439379509564747;0.007959126548036766;-0.0016180714761506731;0.04256524206397794
2004-09-30;-0.0022496292867624224;0.012053970309968465;0.01893625828372203;-0.03648016545488575;0.031662399769736504;0.04452680084641747
2004-10-29;-0.03468755769260912;-0.031222413514299996;-0.02561753684714163;-0.023797862262614267;0.0019626512558257314;-0.02602331188865814
2004-11-30;-0.0053917071928146765;0.02701069245930543;0.018160043364082057;0.0017618273294179865;0.028697148533738392;0.046111688604007606
2004-12-31;0.02638350050308924;0.036974397869042885;0.02384452032828399;0.04264912266660903;0.04288132768087882;0.03947099200992432
2005-01-31;0.02816297000229251;0.021987501338092796;0.04575988533156883;0.029699106109933204;0.03137757449119871;0.0560849805387198
2005-02-28;-0.004400601107665936;0.031290268834387125;0.023278169391512615;-0.004635712079278487;0.02205198060141733;0.06255289845568213
2005-03-31;0.01355460138980824;0.005649283731025578;0.003118058316621486;0.009245777562528756;0.005435168407426416;-0.036355269482727604
2005-04-29;-0.026429136389298336;-0.008847584470656367;-0.018877587565142795;-0.034086945975516314;-0.04621118931387069;-0.03501443937720827
2005-05-31;0.08260673006613706;0.05139884538363315;0.04044730240826799;0.04081772392370331;0.0633963734196119;0.08512406956985186
2005-06-30;0.03302325433559217;0.02380919603607823;0.04642392390880601;0.02954868388881715;0.04788613956458776;0.06503620268034993
2005-07-29;0.04365251304788864;0.060071032709545724;0.01921715076655084;0.01604209670432888;0.05393056247614125;0.076836509722084
2005-08-31;-0.026481603899817907;-0.008876107391570298;0.012753435471850927;0.0523896863629133;-0.013596125503576695;-0.00819418513569603
2005-09-30;0.028587920267370448;0.05385232994849365;0.037690544533988346;0.12369338229401428;0.04679435241458796;0.11326508957739945
2005-10-31;-0.028304506362395787;0.0029016297250878953;-0.04235199091905584;-0.02388093506006539;-0.0509406285981292;-0.07723456795531325
2005-11-30;0.06808935148286754;0.062496176519008406;0.03219166122630268;0.07037392567459144;0.05126582906362209;0.11047924642477636
2005-12-30;0.001322628014666316;0.022397318959129553;0.0295658050537404;0.08654871488649851;0.04066047276181051;0.059998733086406686
2006-01-31;0.0034958644722421495;0.03665780581810563;0.035803517629279136;0.0266242537969289;0.047922584442004035;0.08850645974404892
2006-02-28;0.02765229764213295;0.013369970638089756;0.020174574695977943;0.01817168029419025;0.036269946530571584;0.025680196578308112
2006-03-31;0.0013697134564736313;0.013844746718474354;0.017221238624048896;0.014138083103965915;0.03289675213620247;-0.0024917303847471484
2006-04-28;-0.023271558726511543;0.02794344948872407;0.022874235062147585;-0.007345574758422124;0.00689199585391953;0.0349084520546834
2006-05-31;-0.06471619336108247;-0.06501840974047401;-0.05434767482326641;-0.09730222899681196;-0.06122300335965691;-0.13968965792551946
2006-06-30;0.018622100491913596;0.01590566110724634;0.027495006318237092;0.006439139527059989;0.01917967387068864;0.01538006019940752
2006-07-31;0.003420198401060892;0.03164603792198495;0.022987387745659893;-0.005451119857780351;0.008914101532254248;0.014786987068422741
2006-08-31;0.019046072662958546;0.021654711188281106;0.01922041532475227;0.009905466015736608;0.033541040928257826;0.02086801519550574
2006-09-29;0.04698457396712974;0.03651721334429259;0.016511062745620975;0.005439008756350394;0.037797380101652234;0.029932447406243012
2006-10-31;0.032736704122369065;0.025298776676358048;0.0484907840455534;0.015973032103412943;0.037475457923857536;0.046113470397896594
2006-11-30;-0.016047414737821453;-0.003931325775288985;-0.011444818383682054;-0.02878734309652875;0.006513396307871289;0.03858400850035559
2006-12-29;0.023006682943901513;0.028702641670349305;0.036256952961134736;0.0357447554964192;0.04579831763634279;0.055984930205468464
2007-01-31;0.04806043779268676;0.04864627085378026;0.02837695645838967;0.03840038431099657;0.03668584779666184;0.019836996060726197
2007-02-28;-0.04496823907957348;-0.04624105168063841;-0.02803667860378878;0.013561724651287466;-0.025984030262181324;-0.03247102298951399
2007-03-30;0.009424767376254417;0.026367797573914054;0.0317867309487776;-0.014223736156610323;0.036789705986087995;0.03866721287758157
2007-04-30;0.033361510904881264;0.06529543335186094;0.03481175354466104;-0.028942211523172445;0.06505273989460036;0.03808143619717441
2007-05-31;0.04858561852887733;0.003317092588852044;0.030639773224697464;0.02990114202577221;0.04239670229240278;0.06240471992920016
2007-06-29;-0.011660312899024583;-0.02006622693862825;0.01803966250661504;0.0020622430907515366;0.001839705569405048;0.05236052612309017
2007-07-31;-0.05344606987520062;-0.039000285437524096;-0.047536107672408234;-0.024086922041293923;-0.04553881998610687;0.030788402872163667
2007-08-31;0.016929450778892408;-0.003671490879291639;-0.0066048376389569174;-0.02762017090729396;-0.0083321358429026;-0.01917987120900444
2007-09-28;0.00918265438822552;0.00979173026788216;0.007343813032384072;-0.005328513911757038;0.02952106867397919;0.08174477835169103
2007-10-31;0.006265049790420973;0.00862700959397944;0.049646140599802435;-0.014384815541835017;0.03841477563794771;0.10101096333240067
2007-11-30;-0.07543537489712093;-0.0319093565540709;-0.08699270680025373;-0.051540839422075546;-0.05241365902412387;-0.1040667530299656
2007-12-31;-0.0002647441817575924;-0.03359038218870658;-0.021497588699650794;-0.03409568175837707;-0.002994654650566808;0.009035631751459938
2008-01-31;-0.09984158045156499;-0.09529859333310042;-0.1284568826032444;-0.08485110083328273;-0.1569903810173079;-0.16365245543026563
2008-02-29;-0.06250360188876058;-0.007143681898371224;-0.027244540717302534;-0.0245057537516411;-0.017768869270166743;0.04276125171601253
2008-03-31;-0.056531421171660545;-0.03726790284650516;-0.07434209871271769;-0.09279298140733505;-0.03651635047052493;-0.10567643130338944
2008-04-30;0.09411474100898709;0.04912583958916228;0.1093363414861177;0.11728598776413768;0.08850961409829017;0.12593211345866795
2008-05-30;0.02964690155999894;0.012254641482441264;0.007776877954305372;0.0388718625847857;0.02519559786430059;0.032533053925029254
2008-06-30;-0.11565093344279642;-0.08802930101450468;-0.09681021143923851;-0.10227277222532793;-0.13857092656756476;-0.13376881208237568
2008-07-31;0.019582346731242706;0.025691179477315473;-0.009981272991987589;-0.0030596665182056615;0.006445053906298903;-0.005909899200845614
2008-08-29;0.05810915646995096;0.015256862988611397;0.012243806281275194;0.004643844080691295;-0.000384881106128554;-0.03513575198834806
2008-09-30;-0.08706169307378742;-0.0965916108284578;-0.14381046457153446;-0.1069149645927614;-0.14940092741092204;-0.17023165236284477
2008-10-31;-0.1252305422556893;-0.07688264476454454;-0.14382054253763632;-0.10203288058997917;-0.19354569924893894;-0.22774698417298644
2008-11-28;-0.027044505093105964;-0.04415641330981024;-0.017529286330757232;0.034269272794691386;-0.017936389469669356;-0.02846602096543116
2008-12-31;-0.10877004525350498;-0.03489706549827387;-0.15047959801976774;-0.04039176724510929;-0.023804541867451068;-0.043466791297909646
2009-01-30;0.012265627373456711;-0.02781584327052289;0.03153374880892523;0.02576623864231331;-0.046547437673613246;0.029560482760210727
2009-02-27;-0.08777371593941963;-0.09151892183009147;-0.06702488332322787;-0.1090778048690263;-0.1020026419148784;-0.04152876395638461
2009-03-31;0.059498845364696185;0.056966177706083365;0.011034322103916305;-0.004535125794859485;0.061091725557289256;0.11765597934141303
2009-04-30;0.08646877458130642;0.06794289698082356;0.1165172106016259;0.08670623187547455;0.1499367439775099;0.1570143688301302
2009-05-29;0.010971561319985557;0.0512489762304692;0.09466308338615426;0.059008957649365645;0.07815458594694313;0.12740233738240614
2009-06-30;0.0029108791990128946;-0.008824037537659035;-0.012082779923331066;0.01826129952918021;-0.025308496679679382;-0.012624250022822192
2009-07-31;0.08166438184068947;0.11743408566574187;0.09895945740352752;0.04907944222694138;0.11378376028586445;0.119450162162694
2009-08-31;0.010429877875900107;0.040758069469347125;0.03099531980446779;0.015018345357869944;0.04457056837028317;-0.027661046552849622
2009-09-30;0.011383086202019;0.009016758837139482;0.00046431014845094154;-0.04416697860299512;0.035655144981116216;0.0635274487476194
2009-10-30;-0.033798204013438804;-0.009696393294163164;-0.001559861632856041;-0.03950929158912264;-0.04933079853692801;-0.013098891426587045
2009-11-30;0.04377332159150904;0.0009817321361793585;0.013357700867113076;-0.02598201968212488;0.018524880577408087;0.02728577999338566
2009-12-31;0.04805016178495847;0.043879409223319454;0.053776281808710635;0.035218914502570975;0.03767760980556378;0.06706494986687939
2010-01-29;-0.01458063035506052;-0.012909921461229046;-0.027621612531519735;0.039483396649069746;-0.055979193523085335;-0.035110491361189045
2010-02-26;0.056376036910114724;0.04434182265875464;0.011064685483918923;0.03673105443454738;-0.010497907058125033;0.02924352381431161
2010-03-31;0.048188492030417196;0.04859248154027318;0.04796212509387687;0.038849964910518286;0.05797445359491249;0.06911512937230668
2010-04-30;0.029831203228245284;-0.03347001288929852;0.0025665126528480187;0.012275055105093968;-0.026715303037702864;0.026146827846869947
2010-05-31;-0.009191982210128735;-0.03545087876749575;-0.037322406731895796;-0.009429017311252785;-0.0560024230800098;-0.016090350558401578
2010-06-30;-0.11837835194854807;-0.022494863564682888;-0.08749523844313245;-0.08523806843859383;-0.07760536147868902;-0.07237496390349496
2010-07-30;0.029926680224105717;0.008138839926825736;0.08139773687467844;-0.004337473683453719;0.09070997204999365;0.04402076857153492
2010-08-31;-0.06128187787526307;0.008066438370120887;-0.03661138805826003;-0.03968374849060219;-0.0780322098123516;-0.03594692517136433
2010-09-30;0.0486741571810817;0.012561323331263252;0.047454509165377856;0.004129205325673735;0.08877558292444643;0.06902247375665127
2010-10-29;0.05145581231897567;0.034877596480260786;0.05152300591125636;0.03247353052103574;0.06796703169861118;0.04119883654697509
2010-11-30;0.010922637229520138;-0.026269253049266528;-0.0393082073173332;0.030840679747284883;-0.0988060220433038;-0.01654972129960197
2010-12-31;0.0046962848180266414;0.02830262909600989;0.0108064560780744;0.014065085351894102;0.02327415870572469;0.009296469232167204
2011-01-31;0.030489182404906945;0.0033388187385809953;0.026247998815542406;0.007785421879262788;0.07531770915777303;-0.020427851293609467
2011-02-28;0.015917474909121654;0.019829763646665888;0.02556662038219437;0.028016659390559417;0.00951363711915254;-0.02678671831675561
2011-03-31;-0.01032032749570766;-0.02609511138206788;-0.03586220671315632;-0.10271779773059564;-0.01085657267823359;0.04744139496018629
2011-04-29;-0.020217436768189878;0.04749930920185752;0.019976187924929056;-0.04716459758140379;0.034432525292890204;-0.0195798441290852
2011-05-31;-0.03200387134160598;5.999660467548296e-06;-0.042889378896748265;-0.03742803153708263;-0.07055544782484824;-0.046996087021394795
2011-06-30;-0.03628490954618324;-0.06284615533565618;-0.04811999597414496;-0.004644603757766541;-0.019282589755876822;-0.03429208323343291
2011-07-29;-0.05826234884170878;-0.04134933640899918;-0.03810912719425863;-0.003336514389397749;-0.10331788575902068;-0.04254562553808949
2011-08-31;-0.04276415874047079;-0.053690479930028845;-0.0604813994254948;-0.06870995450173711;-0.11528616730103947;-0.0764497496796297
2011-09-30;0.03746269816369141;-0.0045372867805961725;0.021550577729589016;0.09357874421440937;-0.012295663418593894;-0.036239317972103446
2011-10-31;0.07711004253862164;0.05144015815312308;0.08779890983694771;-0.03521684049734086;0.09621879503300612;0.09980038081703924
2011-11-30;0.0563785293810235;0.003442330186785636;0.03212780342837429;0.015017034907137128;0.00183002233445817;-0.0074715702040619725
2011-12-30;0.028652878096606216;0.036332629982136044;0.01992082886383928;0.02755151816365342;-0.018970845888793386;0.007228027026222605
2012-01-31;0.01891109869973162;-0.0026933282325860564;0.007123911503300162;0.01702827500697679;0.035015256632498826;0.08543748964234554
2012-02-29;0.024033140830906463;0.034020410224719244;0.03218464612517469;0.03047008359684611;0.04521586990930104;0.040058535976599696
2012-03-30;0.040397929142162115;0.031454003132712405;-0.0035485604961783546;0.022485315408040885;0.0031966748796485867;-0.02489384731958788
2012-04-30;-0.0012662920240560371;-0.004147967964649668;0.017598281958584705;-0.027170427144559417;-0.04988276199137576;-0.006911085336981815
2012-05-31;0.0049120234207084;-0.03833950229532934;-0.04826879763885472;-0.022893811681306886;-0.061505555018570246;-0.045274981893210664
2012-06-29;0.02713892009891461;0.05067146959961921;0.058577104122243706;0.039083100702635876;0.07965392142228278;0.02666186673572757
2012-07-31;0.038779107889928444;0.04715892961393098;0.036926448693630265;0.0013447388469149946;0.02444320585503934;0.045449290325154434
2012-08-31;0.0013198196966764941;0.0005206506514713327;0.011679538687098145;-0.02938506082929493;0.042860183327571355;-0.02504203344346767
2012-09-28;0.001697228938549955;0.007492362666667862;-0.00022276870798298987;0.0001969561030497058;0.010172767104183578;0.03673766049589888
2012-10-31;-0.024890735614165882;0.019421591006278605;-0.00048148092443855983;-0.02557611969162954;0.017437948341181397;-0.012807837120811794
2012-11-30;0.00252940736828855;0.03540682816405749;0.010302820442174787;0.01976587092959481;0.02803570375638842;0.008785487208184839
2012-12-31;-0.000980622770977102;0.00236714671818683;0.010173200460608656;0.042583814075871085;0.027586185299542376;0.03852898516000891
2013-01-31;0.04810972629766208;0.08156302414867478;0.03391109449573759;0.031910919024564444;0.05638773085322135;0.009135706537822696
2013-02-28;0.033598838357207006;0.03087964511765584;-0.004137012970361953;0.04743547615237431;-0.023902861277948606;0.008328926711033358
2013-03-29;0.058802455855798685;0.038841543588324035;0.033079403253134076;0.07064187063176597;0.004649106689444293;0.004180400058712341
2013-04-30;0.007560381815476247;0.034031223834643076;0.01859356355031838;0.075514913313102;0.047057810779273956;-0.0042878563131388825
2013-05-31;0.038238168055658495;-0.008014437168175514;0.018487477685547038;-0.03943876930577439;0.03531950483943702;-0.008018888050033035
2013-06-28;-0.021403918331174387;-0.02720061183427902;-0.06004788969474728;0.009478878427929605;-0.059263946853453486;-0.07125742216576914
2013-07-31;0.03147946312198402;0.017371499482038755;0.04475650881228843;-0.015102620445194392;0.06545269519268204;-0.010145717501470863
2013-08-30;-0.023376880462767757;-0.008894486126524215;-1.3266856139226846e-06;-0.017285527767095576;-0.013267305982748612;-0.012571343257881007
2013-09-30;0.0062462477645053305;0.04147500558606265;0.028835823126274862;0.057168625295915154;0.06153629625395718;0.038471789146410806
2013-10-31;0.03876359053157963;0.019955877028613123;0.029390142004484532;-0.005627032876448834;0.05316095336209392;0.04309733839104968
2013-11-29;0.03407687418913352;0.011735425028827073;0.015734887710476153;0.02046825472364522;0.02058470591193773;-0.008989380547470227
2013-12-31;0.011057045210683514;-0.005298100729702826;0.011553251592314018;-0.0077052691541243945;0.004798182114554406;-0.03017592297949412
2014-01-31;-0.019804432440788555;-0.005438701039823135;-0.028809977292690858;-0.02442985007802767;-0.028648396848403368;-0.05056834762643525
2014-02-28;0.02742741809346516;0.05103650177052488;0.050677731863082554;-0.024906803972471914;0.053609617159499634;0.013743580103366626
2014-03-31;0.008222680310848052;0.0029193383350767377;-0.030365803870993302;-0.010170882479445087;0.0024671777605398404;0.032275339726818064
2014-04-30;0.0026264933225376152;0.014769869070627606;0.04195449927119965;-0.02918426297173271;0.01460324659880008;0.00034020780343280155
2014-05-30;0.03913868337897686;0.02683807385165271;0.02346918035936474;0.055871110929512025;0.027682986071236648;0.0504056801020587
2014-06-30;0.013178712738939224;-0.013712781189449186;-0.0018702942655149934;0.044188033394971016;-0.012491856120958822;0.018775244025522775
2014-07-31;0.006381508484596621;-0.019337651337516193;0.007813765616640822;0.02624692019922592;-0.03514691497421052;0.04060676177818512
2014-08-29;0.0477336161981432;0.02965995302844604;0.01142726382348691;-0.014074311087972857;0.0080492457824195;0.0305326869736382
2014-09-30;0.026231223177625163;0.016014416311812774;-0.010244713966322871;0.03585130047148277;0.008978985281981933;-0.03206198785058578
2014-10-31;0.030845635934242388;-0.0007063410908275669;-0.016733991033223594;-0.006307801602396856;-0.026542056273551662;0.018619575211443973
2014-11-28;0.033500069510278285;0.04033571511679668;0.01480131100523141;0.010088047451981996;0.04972529636077261;-0.003536699846805269
2014-12-31;0.020642905890806307;-0.02302884686438378;-0.0032215433162492424;0.009523602416141475;-0.027167923914020453;-0.021920850962919847
2015-01-30;-0.09523969705820967;-0.06026350762954713;-0.07712376508856977;-0.04364763103388436;-0.06525737942874377;-0.06093437731004514
2015-02-27;0.0878596926736479;0.0752553672138454;0.09217545553655193;0.09008970161918017;0.09574632073437939;0.06044130364560352
2015-03-31;0.011032870457057142;0.02396548975473578;-0.03300653276952015;0.04197665984061505;0.01200528985750371;0.011448242435462719
2015-04-30;-0.03016208569596246;0.0037184702695659544;0.029919994898598312;-0.0038415262400076644;-0.0099713774964586;0.037859686959371364
2015-05-29;0.021231277242262037;0.021190827931932388;0.0068171372709063816;0.021031797529575735;-0.006292260282879436;-0.031947211706343626
2015-06-30;-0.03176460714305751;-0.0537998062040157;-0.048473840572962223;-0.029827009084006928;-0.03590359001232146;-0.038034321767842716
2015-07-31;0.05412652764710768;0.07857929748212023;0.051461884294043525;0.03886095127170042;0.07238771768814378;-0.03456201166927353
2015-08-31;-0.06139065380615072;-0.06867833090569209;-0.07496737554324129;-0.058808413451384545;-0.07191788500732033;-0.09082554795776554
2015-09-30;-0.01515832149681573;-0.032688432457877115;-0.03319385312312262;-0.055597733237671365;-0.038370005564951626;-0.018402187892427757
2015-10-30;0.09679360876729293;0.0586163317089019;0.08714705956021396;0.11521244204588066;0.09995707437760282;0.08568165790805371
2015-11-30;0.04764898191220568;0.011956467914782443;0.021443956855539792;0.034230630200081325;0.028644041884637095;0.005220877322245299
2015-12-31;-0.05618491246859958;-0.029766009582753106;-0.07859408059551021;-0.035937712493653184;-0.06951394303332281;-0.061108178343816544
2016-01-29;-0.023867545963904058;-0.04581265609196561;-0.030998810354116002;-0.052964156553850894;-0.037362540076951944;-0.035534123821141406
2016-02-29;-0.021238935733890685;-0.03706792054213326;-0.027655438205948846;-0.04649613335558789;-0.04522284374744634;-0.02065687651331627
2016-03-31;0.03178014924051986;0.007920410750221096;0.011723497803246996;0.012145817130292835;0.04132174601496175;0.09586871782524509
2016-04-29;0.004629699397113551;0.03099615466203387;0.03432148149810921;0.046190265530652974;0.01850838058270665;0.005322935494326053
2016-05-31;0.04799757916146352;0.029306826518796236;0.024988584731663877;0.019293107469303794;0.02616337150679493;-0.007399737433372522
2016-06-30;-0.009617988925805898;-0.018244553510716077;-0.04808990300738292;-0.03660663794745578;-0.07331642872878574;0.028745471257681343
2016-07-29;0.03601050602262312;0.02266891858980291;0.025725371900298888;0.06290010273952051;0.056308441001815646;0.04895819636081955
2016-08-31;0.006833218787158479;-0.0009995500817241432;0.007076992441876762;0.009196758776047975;0.014894457026614294;0.030504711446637245
2016-09-30;-0.013369917232708528;-0.0061555065365955786;-0.004297153210692239;0.002943743646731334;-0.005031724170456386;-0.0012955861689144532
2016-10-31;0.0017012896901815733;-0.03359376982886586;-0.03083561046941652;0.033843438187095565;0.009152224370885031;0.023124616474156312
2016-11-30;0.060800573865211316;0.00012757212266367723;0.028175884740488932;0.0005701351658786713;-0.010347250716888912;-0.021283452644077716
2016-12-30;0.02181824309839775;0.04529388752885688;0.04453154992585984;0.013075436165508991;0.06673600711515126;0.006059283467186205
2017-01-31;0.0004387831409928822;0.0198486971022378;-0.0073686532324028775;0.016939137696884377;-0.0056695478001909105;0.034497663363574294
2017-02-28;0.05016739521691482;0.026344434415600304;0.031021717327286424;0.022089166449999587;0.020270723129409918;0.04153858040631153
2017-03-31;-0.004651100529145524;0.024309041223063876;0.010626243704620397;-0.008395959539388653;0.05545795311697044;0.019431453047323077
2017-04-28;0.004110433746678854;0.03152384253917684;0.014084931553764779;0.003797127558703206;0.03566788660168063;0.015400212194222496
2017-05-31;-0.005890910943929462;0.03613522407836378;0.02682371134349626;0.01066072620534475;0.032985472779844094;0.010244288196932128
2017-06-30;-0.009545689575602534;-0.01752873733811755;-0.03519117576033204;-0.005006486068285687;-0.02665992094153502;-0.005065372988478645
2017-07-31;0.03236961953334205;0.02069776842419757;0.03779521418514631;0.03223705075236705;0.04922288246446027;0.07240901536411903
2017-08-31;-0.0030091997096568512;-0.01483164654750091;-0.013856869345508116;-0.006751149079000762;-0.00237987025292008;0.01639087214033541
2017-09-29;0.027550866993699685;0.027070152830422245;0.04032597310471253;0.028002105386057075;0.04588710591880707;0.0034083829510498376
2017-10-31;0.050605183779263374;0.010872071780767212;0.03379022457467107;0.07382728164549213;0.03716163131354566;0.06282509883255005
2017-11-30;0.019516452479242496;0.010411289541586988;-0.009658464639275777;0.019019279059060534;-0.008034704075850274;-0.008861951327228224
2017-12-29;-0.0009138150133853884;0.0018432840728974664;0.037874707772842076;-0.0045828233292593;-0.013292033220054456;0.024662811768347392
2018-01-31;0.01299604778033514;-0.0016315399316516599;-0.013959838866446694;0.0014425820315647764;0.026049315355339053;0.03902427607290593
2018-02-28;-0.02521443958341274;-0.0520075682479918;-0.05234026495539634;-0.0035221778872494003;-0.046081320483376764;-0.0344962490711932
2018-03-30;-0.013369313608978417;-0.005049162726933454;0.0076263301866115185;-0.008708145870921169;-0.0015557141680816455;-0.007304359979969699
2018-04-30;0.04231257585675574;0.03913530054215575;0.0866091304172989;0.04497120612971517;0.07031467394791191;0.034057216809543545
2018-05-31;0.021908415011387627;-0.034660061671752396;-0.010756944602581031;-0.012204645749736565;-0.04659433870729002;-0.03767045077214426
2018-06-29;0.012970289066447593;0.01567025594096183;-0.003444642165887468;-0.018812411812526908;-0.0017799353742657953;-0.034703620484606956
2018-07-31;0.030361601939864036;0.05969275054295142;0.0032114016289013225;-0.0015317244210371062;0.03151200104841623;0.01731129720867286
2018-08-31;0.012916939641309688;-0.01383953553114392;-0.0620051392019777;-0.017927956012942947;-0.05209004027243602;-0.046943220670376595
2018-09-28;0.014337134568036758;0.010671635182268213;0.0272863643360981;0.041427300791722965;0.005475695746299358;0.004788821296972001
2018-10-31;-0.04010875313847051;-0.010120556459369934;-0.03820994064042149;-0.05520127207178971;-0.057983076379155674;-0.057681337917645736
2018-11-30;0.009640924472577472;-0.007451578541017634;-0.026371794228018386;-0.00583866031753999;-0.01886371669685072;0.03143974528977145
2018-12-31;-0.10112323389370137;-0.0653003200735558;-0.04889417627843895;-0.07759853936793171;-0.06069824511001398;-0.036932081811983486
2019-01-31;0.09030927569466884;0.06982812952835538;0.07895037315341691;0.06908217967935038;0.07537960308876701;0.09570536844473287
2019-02-28;0.03649848472497719;0.045031504958878754;0.03712235896403526;0.002762360954293497;0.03461706960873934;0.0053611576661287685
2019-03-29;0.018538879594509394;0.02632555262078129;0.010657030782769139;0.007345813159771675;-0.0005056197487007807;0.008637503941328228
2019-04-30;0.06243864181566883;0.04178167366128527;0.04488510207969898;0.0362200702879385;0.0733163054754098;0.043580039321586606
2019-05-31;-0.07594313681689124;-0.01400493655368995;-0.07262727966129645;-0.05225873754120425;-0.0731623381424148;-0.0849637149807988
2019-06-28;0.039101365157709234;0.03917816727512413;0.018787245682432285;0.006534987978022766;0.04365625515452698;0.03208796700920913
2019-07-31;0.03244041593885161;0.010254017056435027;-0.001033110476017951;0.018397553059268823;-0.0036027815048373935;0.005592254735125035
2019-08-30;-0.019359209130368038;0.0008364360470738408;-0.04860109652929934;-0.01204171028605805;-0.02490590183834751;-0.05043942263496848
2019-09-30;0.02228937988170454;0.01136348168612944;0.04619652154122211;0.04647958082733217;0.031536401235884304;0.023920522699647062
2019-10-31;0.015526752522129539;0.012127399454470944;0.021827102139439503;0.04229255367565965;0.029584768401550554;0.03603026430253642
2019-11-29;0.050564303409528444;0.02528039295257245;0.030218376007124625;0.018604062087617335;0.027701552255895878;0.011660373327713969
2019-12-31;-0.0020922354645332986;0.012662194624818324;0.020102047424107927;-0.010322475664142794;-0.001723811669196329;0.04385290382915119
2020-01-31;0.004023209744104195;0.009984188540984817;-0.03581541201335059;-0.01152837334817125;-0.02746804976666073;-0.044510219489466096
2020-02-28;-0.08829588194767424;-0.08612625851691713;-0.12600040076773222;-0.0981337013892648;-0.09383628690051182;-0.05942709564867488
2020-03-31;-0.12647244972589033;-0.04175704365130628;-0.15930952983825464;-0.06943515185587612;-0.17237552546584867;-0.1534082088610097
2020-04-30;0.13890391567943472;0.059057068100487164;0.058778853785701024;0.06124645209931656;0.07117309865144872;0.09913277015082866
2020-05-29;0.04233795368474347;0.019127088228780176;0.0009453064833671032;0.04954939362331823;0.05565993003840797;-0.0017859849602255284
2020-06-30;0.012420842424615941;0.020182289132515185;0.004050395296554488;-0.010303673565337679;0.049554135760058626;0.06362852457382484
2020-07-31;0.01323637666524835;-0.005364969201576919;-0.032057446301610115;-0.062003408400626125;-0.007475552226765547;0.044130987206255634
2020-08-31;0.06984858702233865;0.01986223060623349;0.03027146594500274;0.07092596489120884;0.04190330118457242;0.01711974694743601
2020-09-30;-0.015271168967568194;0.007192563584247691;-0.027785964678823993;0.03313183079291626;-0.015095871195102029;0.006229024232735525
2020-10-30;-0.0337120438241123;-0.06329976008867122;-0.05817059511194966;-0.02365280147877513;-0.06963799313127594;0.013064693895327162
2020-11-30;0.10172089410705099;0.07900612497351645;0.15391250734380935;0.11100038735435003;0.18860871863000106;0.07857321980548193
2020-12-31;0.016990845654292208;0.02464876065366095;0.03039244346429748;0.017212318528571302;0.01894076219488361;0.04973719521396269
2021-01-29;8.621472521042062e-05;-0.011116374375777838;0.0069708668115032735;-0.0006387081229306535;-0.010660153634429737;0.04028223409156273
2021-02-26;0.0426429339971377;-0.006659506776773849;0.052523596437728415;0.03173766695791502;0.05171562492947546;0.024230566333425685
2021-03-31;0.07942756518097482;0.07035465790660078;0.06934486297281928;0.05372336026907054;0.0742819195959441;0.02695078381105065
2021-04-30;0.019922319479737882;0.010723470871983332;0.009333739527267348;-0.04972653965929785;0.012879793071143841;-0.009470153133837367
2021-05-31;-0.005693141524565348;0.03986353438184387;0.02967751900420068;0.005197425481785034;0.032562378132072745;0.012920955920221022
2021-06-30;0.05339999828234876;0.04591544020999838;0.0015758801419463175;0.02284054317103046;0.006163041697863081;0.02761958081069915
2021-07-30;0.004359034164019504;0.014378142556589535;-0.010186765158992528;-0.03193471105056722;-0.005952147588207057;-0.08599962995627353
2021-08-31;0.03984179100931873;0.022590122609015273;0.018892610272882582;0.041096471281151015;0.03032544783101465;0.03682019816202331
2021-09-30;-0.02529007897501212;-0.05339821258701705;0.001654533328479424;0.05068426066190157;-0.028168343435899024;-0.01746355060030791
2021-10-29;0.04540438360303034;0.038102774354893953;0.015776785160110163;-0.057968037333583355;0.015433780206959624;-0.014334583464486239
2021-11-30;-0.0029397479877411037;-0.007497199561495527;-0.04642200778861094;-0.01747229057581179;-0.05198732366249004;-0.033541979267474153
2021-12-31;0.03347785781688828;0.07169052565883927;0.06694764366269979;0.013090352003807815;0.05418195847138907;0.013204604062966419
2022-01-31;-0.03563735665947143;-0.05701961200802419;0.029944989668540645;-0.02973792268281661;-0.027388738104660137;0.002128012371240051
2022-02-28;-0.0391697369619497;-0.014623825018067027;-0.0020039442240129546;-0.02098425089331335;-0.06015621634467583;-0.03964283276683944
2022-03-31;0.03770526287516729;0.026210930636936247;0.003929762691875283;-0.0008492624730576104;-0.013432234371698049;-0.01969207887344182
2022-04-29;-0.04314267194927257;0.0022163098684180316;0.010583664567169082;-0.04052723372350353;-0.02158402280908489;-0.007961585075277
2022-05-31;-0.010240158379455133;-0.04021648578562231;0.009176108002279415;0.008435257130764207;0.017115888865516293;-0.003396726029165853
2022-06-30;-0.08844556454887453;-0.07619608270487954;-0.09180400176976644;-0.08436779428694308;-0.11919119559028835;-0.0712969117975607
2022-07-29;0.09002908986681402;0.04374378902236231;0.034104015852674086;0.0537617144889585;0.04369249741000736;-0.004862451520177724
2022-08-31;-0.013452027135040678;-0.02877570627974524;-0.03064859255345409;0.00023060399639007745;-0.0376045180274861;0.030268793587804765
2022-09-30;-0.09366438387671217;-0.06640323999089492;-0.08930539877495047;-0.10309075379158927;-0.08800083058881503;-0.11765613828498145
2022-10-31;0.10294456147485032;0.054412499093433375;0.08385661203198147;0.05320605045860538;0.11247818872986914;-0.007355722755925442
2022-11-30;0.005767786179906698;0.030046315387053046;0.059022753186055765;0.04819871171681067;0.08044084149796149;0.09983267567040566
2022-12-30;-0.0875685848229043;-0.03580117506038949;-0.032715599607279655;-0.025858694855259046;-0.02901595268725976;-0.04228570090158601
2023-01-31;0.0694783293645751;0.06484284589322775;0.06878865378968224;0.06583872488366738;0.11951135518687672;0.08273903688882123
2023-02-28;-0.011785758132139668;-0.02184678290007036;0.014579855968063438;-0.026247430562131857;0.004896225127281384;-0.05268090658998492
2023-03-31;0.012487161923398271;0.022757981725138543;-0.029263898172006586;0.018449787973054854;0.008983559293422094;0.00768619182537289
2023-04-28;-0.009410723313970859;0.044226315353875334;0.031046528839349108;-0.01843442742464796;0.010446165820114928;-0.03324344005437874
2023-05-31;0.023636698762278918;-0.027501905507011037;-0.04853204192410143;0.03580680456386287;-0.03773354049361377;0.0006244272301380027
2023-06-30;0.05537979038906249;0.014792434687812328;0.02726996500974388;0.029839568320443766;0.05150964631611554;0.027616619969337286
2023-07-31;0.0007397701413343061;0.002298656218800099;0.000716097547393213;-0.003479796726310269;-0.003442977408481651;0.02925045892433409
2023-08-31;-0.005255989197305078;-0.023748812754583848;-0.028476176795795283;-0.012578434006571215;-0.03417990098668866;-0.04971179485073951
2023-09-29;-0.014135254289242227;-0.019702843091415234;0.02439275248227446;0.013068449976447072;-0.022858420398177315;0.007004642671009753
2023-10-31;-0.031531373153115716;-0.0545431342164282;-0.05016452748250666;-0.053546243515537495;-0.04255058641876708;-0.04726430547755733
2023-11-30;0.06429995292390489;0.06219980056967078;0.036900700317926804;0.05562557681286828;0.08434294531594067;0.050205578280609564
2023-12-29;0.007336544075986162;0.01715749144296075;0.005487154844868614;0.004083603473872377;0.005387776735919281;-0.0003177033236653193
2024-01-31;0.04277779447618513;0.024144222422261108;0.01383874611996938;0.07339143588942298;0.03213448651460871;-0.019140106746914687
2024-02-29;0.07127385012421206;-0.004384010206289757;0.017888140421920662;0.04765671204209143;0.047117846094052895;0.0653635159619732
2024-03-29;0.0638083324789005;0.04867361620878263;0.07674703698190943;0.06355972985600311;0.07488867346298855;0.05721153331741302
2024-04-30;-0.034326159514751264;-0.03535458580783635;0.02585394820779663;-0.041594313684277684;-0.020409400220609664;0.011640605228121936
2024-05-31;0.04053173037571234;0.07456252485844794;0.02865659673278642;0.006302717952016423;0.03897068803791759;-0.0012917048734907288
2024-06-28;0.028917415362260446;-0.006443482996540295;-0.02434599445147534;-0.01380112729196703;-0.0436480395993204;0.03323409125068655
2024-07-31;-0.008010576002698833;0.027550022848646383;0.021433834266750496;0.03742884319837525;-0.006421057847087019;-0.016888459011751178
2024-08-30;-0.012991374157684143;0.010604180661871743;-0.0038270806284703696;-0.032002780062759806;0.002400568305115147;-0.02062834490599963
2024-09-30;0.01538634552329099;-0.01758887309984991;-0.0035596110443172346;-0.010494290552225172;0.012516492376633881;0.061068042402920186
2024-10-31;0.018702887036101346;-0.0288135409550464;-0.028796315007458495;-0.012865955757585645;-0.03321317514677058;-0.017145240754649516
2024-11-29;0.08084856089767656;-0.0035534040367056763;0.03214151584518499;0.024871856128269032;-0.008007035275120922;-0.017578138692479595
2024-12-31;0.0003145609033914365;-0.014210093207252528;-0.0017871911762397108;0.022511295471072668;0.02011484570029387;0.024846217300036444
2025-01-31;0.03813424804758392;0.08921510818671852;0.05982472085444024;0.02334360886658482;0.0848075591752071;0.025764074550716387
2025-02-28;-0.025469086278793518;0.024964927900661515;0.025672410312493787;-0.023240998810967306;0.02549641452186624;-0.004688524916720227
2025-03-31;-0.08201282195181647;-0.023788731688521914;-0.01647849112207178;-0.020395594599360467;-0.016587001495003695;-0.016795559290475492
2025-04-30;-0.06768596230912738;-0.010573789074506679;-0.03601676610138049;-0.010243068556455293;-0.0073978579116230625;-0.04912132378222622
2025-05-30;0.06260767449948457;0.01651290109373993;0.04237822542537284;0.038617995398374516;0.05595900160452927;0.041127069337711264
2025-06-30;0.019526687753745886;-0.022911857238092415;-0.01778874940844788;-0.014626877764094326;-0.005140005737388931;0.029469109673810223
