date;usa;ch;uk;jp;emu;em
1988-01-29;0.11221986023411379;0.004943798334299476;0.059537082955241516;0.12406495440127085;-0.018789224671111215;0.17146203522504866
1988-02-29;0.061597507873004664;0.08120046704337991;0.015187744300398043;0.09597180722231635;0.14336537896450996;0.022395994367685246
1988-03-31;-0.04675400828436216;-0.029055416718135496;0.03338954805898231;0.06064337235893946;-0.0005470813689221199;0.09214970805514122
1988-04-29;0.021713677929534603;0.00659392808370618;0.03957067490422439;0.02302862317807408;0.027779576643985227;0.0664603065881364
1988-05-31;0.04752941455946669;0.005832834766886341;0.008799415709271452;-0.008239326343701947;0.025507091032513696;0.06971354125145823
1988-06-30;0.09474366101642229;0.057881295341988936;0.012029036686479477;0.006699850082814152;0.05691463577960287;0.08158507209159782
1988-07-29;0.033647183688272575;0.018091300166895863;0.047046521844485545;0.0844745111688543;0.03505219585445807;0.010497899280892398
1988-08-31;-0.021163758478038308;-0.010011191522162566;-0.05544029045809129;-0.06362314509986322;-0.014611842882328752;-0.01432025488975841
1988-09-30;0.04767688975099427;0.03956303523113691;0.053924609830174663;0.04809318726953782;0.06645406568204226;0.06985169763736132
1988-10-31;-0.03356018796052396;0.037938839660092594;0.012121043944919085;0.016026774749900552;0.03330305382499321;-0.06835924784618386
1988-11-30;-0.04085345663042217;-0.007695428800915338;-0.015171450276045606;0.060813759305483384;-0.015896056381001222;-0.030001371310474978
1988-12-30;0.05699385356448272;0.038064477016164666;0.021432011997130074;0.046005650578914814;0.06023704523844842;0.06759368407887956
1989-01-31;0.12827339760444967;0.01887361014475175;0.16720679593145182;0.0516722481350782;0.03411139622605597;0.03527724045503544
1989-02-28;-0.0446953257906717;0.004658920590608906;-0.04069496385248095;0.003953380604233114;-0.025705018849645045;0.06018124914494272
1989-03-31;0.08669658976511041;0.05411436408180892;0.06951229959724325;0.025706194446865505;0.07082709588275127;0.16863102244775208
1989-04-28;0.05669034332802658;0.033411707342390295;0.01637685387110288;0.0006827895145833374;0.042326874512059964;0.19244411790823968
1989-05-31;0.0816472832834978;-0.027372759967621896;-0.031099828962700804;-0.017469040454193174;0.0019424037833166707;0.055482173253262435
1989-06-30;-0.03581526845246663;0.11411272469438183;-0.024317432917505877;-0.07549406704495298;0.013990956365947493;-0.14964257680684412
1989-07-31;0.05136274946811903;0.08759957113082573;0.1085686103691863;0.09089958348624383;0.05403674118368973;0.026414568131609695
1989-08-31;0.06427687326973097;0.04648683186445335;0.024006604921017916;-0.023864567773315137;0.045932559208649915;0.07273632913746719
1989-09-29;-0.044991058109036364;-0.040757316579626446;-0.04813707761906094;0.018096934771289375;-0.0039059889301308326;0.0776520605104285
1989-10-31;-0.0243856532344936;-0.05268475681289286;-0.09629340269867048;-0.027883799069837623;-0.04969342950449951;0.012187411301654905
1989-11-30;0.00646686250437134;0.04003692437780271;0.03870339919700183;0.03643879386579085;0.04778477509904189;-0.059900862031004753
1989-12-29;-0.00537511080286579;0.0033990947949891215;0.07087596219953807;-0.02904022551166041;0.09412543659189865;0.09140028588577587
1990-01-31;-0.10103247108545754;-0.04074212906628816;-0.03225612672474609;-0.09644894731053588;-0.049675512897620955;-0.007060905419779884
1990-02-28;0.014148833104625336;0.0018454479274270241;-0.0279939674394013;-0.10397483125387907;-0.026426902658677087;0.038450775991252684
1990-03-30;0.029701785925973834;-0.029568022621748513;-0.023179757607581397;-0.18910753353974719;0.06148018260352894;-0.13023621498929416
1990-04-30;-0.04449007921215631;-0.03694667510356231;-0.08725581290942375;-0.012263243305863147;-0.030219906010505615;0.045689032531385454
1990-05-31;0.06456937384018024;0.13700749488808106;0.11958596690855594;0.11400199991408533;0.0013922662294920674;0.05446943733392873
1990-06-29;-0.009318025414818742;0.012406307458006749;0.053464902800188785;-0.052017799771776674;0.01613757596905674;0.028659532447984137
1990-07-31;-0.038263289417333035;-0.021561077986015587;0.004681353470172622;-0.04975686013437908;0.004613786055968516;0.04806250987470828
1990-08-31;-0.13499289758837052;-0.1498579099876548;-0.09861750216915732;-0.14050126878498903;-0.17009817941258942;-0.1694287941751087
1990-09-28;-0.04482922726051586;-0.11558633472979918;-0.08740530069342778;-0.16223644935895487;-0.13182938647004372;-0.1263481600198172
1990-10-31;-0.011047709922021087;0.05269016149631334;0.07203962582424905;0.23254974458162625;0.09012002685052267;-0.026505440552873183
1990-11-30;0.06287518301727824;-0.022092863519486694;0.051585809006144734;-0.12242869501724163;-0.012478336787170807;-0.054761773197962604
1990-12-31;0.03788583406068424;0.012125121564037;0.002332619504793021;0.05733617572221106;-0.012992404744504138;0.052408725916133436
1991-01-31;0.021517778177811753;0.030156322982341832;0.011915414364386478;0.0027834329754938825;-0.0046641672920862964;0.05375181583673028
1991-02-28;0.10809850698572099;0.10744669917488192;0.12050839738398578;0.16722799051060244;0.13659394007484638;0.18971726768205976
1991-03-29;0.14408760320382186;0.06334246642376118;0.058238288355886736;0.04747782351629515;0.024256148636943697;0.16269167477698643
1991-04-30;0.007615100899698746;0.006959857866313701;-0.009411676878847142;0.028736290273168485;3.283164943068684e-05;0.014192865598202653
1991-05-31;0.04062366903941861;0.04037356585785812;0.005854664108950303;-0.005424249752217225;0.04093947286514332;0.0774325100078479
1991-06-28;0.01317444040456528;-0.03834525843950498;-0.027730329498409145;-0.01452103890365486;-0.03145741319479123;0.02383512794432119
1991-07-31;0.024029876821214824;0.03833965541615436;0.0926133810198202;0.00853710743497782;0.012171036634071264;0.028883328846199374
1991-08-30;0.023355561269297276;-0.001040972920609562;0.024780953967366237;-0.05597688108162657;0.017374407320100538;0.020132192741214805
1991-09-30;-0.06478021166053727;-0.03773978997541727;-0.01263833587792318;0.03453123370240685;-0.017825258563534452;-0.08514856945531946
1991-10-31;0.03514165168277472;0.01624965569224801;-0.00816873923593786;0.06163440749587945;-0.001364108031953748;0.05906366134957497
1991-11-29;-0.0621151230733864;-0.03202072206349604;-0.0687317603677644;-0.09157147105468055;-0.0218518243964011;-0.03719095191728705
1991-12-31;0.046938784882483375;0.015391833096286778;0.019990438048294923;-0.030571453629381184;0.008959077785546166;0.04515240337272286
1992-01-31;0.04260032046159079;0.06884189830123355;0.04967928463002047;0.011255387752839185;0.06802137100047956;0.1829760167599228
1992-02-28;0.045679571802781815;0.041383034025788135;0.022262384549588177;-0.052370727030789266;0.05745553439759998;0.07973870445505993
1992-03-31;-0.007684267475989381;-0.004813566447267825;-0.04629450023540427;-0.09852084727325061;-0.014697953693893595;0.04512890726936214
1992-04-30;0.0456319193581427;0.028553228987514556;0.13740174938581196;-0.04650154176388477;0.03435224280009774;0.00881843035253671
1992-05-29;-0.03873687971921724;0.030399824875203763;0.011996606007686594;0.03407456110508922;0.007066554779317169;-0.046112890690685915
1992-06-30;-0.07095860870525417;-0.02572673803410863;-0.09228111373886672;-0.14268360663230228;-0.06221522651734013;-0.1501704826349758
1992-07-31;-0.0018078802977153918;-0.023740962991400383;-0.07771844482060142;-0.05259347584167362;-0.08410283392649687;-0.031384019780706374
1992-08-31;-0.06689411286249336;-0.022822563353445346;-0.046283351962633;0.12554395714700228;-0.04314333573375506;-0.08858339847999774
1992-09-30;-0.010762210805810524;0.05780074343969699;-0.03893019588221269;-0.04472250507527953;-0.045043414791841374;-0.018066940175269774
1992-10-30;0.11629464509540877;0.009542079436264395;0.020971221414562313;0.05815210052743991;0.04856654681277295;0.16883372431035326
1992-11-30;0.09452524827758069;0.015837405712754382;0.07276644013641476;0.08683313827799832;0.04807513467510738;0.047872552711538896
1992-12-31;0.015530375612608616;0.07363444895686566;0.04691731886464057;-0.01026113516815974;0.007763551680515679;0.0339417207928423
1993-01-29;0.014022206903606449;-0.004679578455733413;-0.016753630471431857;0.002047002665320985;0.029084155345484586;0.010013415032684492
1993-02-26;0.05209984323919947;0.028663647841255413;0.013087803742190651;0.08355929280263874;0.08727869506508346;0.0558275044099763
1993-03-31;0.004433422074124671;0.0479995600235652;0.05621672662175525;0.12275845826157417;0.018899184892629428;0.01668172624187436
1993-04-30;-0.06820914813211276;-0.021342660648056677;-0.019035833225922838;0.12228072576140026;-0.03773904835770869;-0.025309634186925556
1993-05-31;0.031155654171088232;0.08204460484784049;0.012665318698563022;0.03323812864298281;0.0014391383234946264;0.033417977856623704
1993-06-30;0.05189477454743652;0.04973286885364381;0.037801511588885006;0.03419723883007153;0.030424759850898653;0.0796902093975862
1993-07-30;0.014857954396108708;0.012721010241118824;0.012995233026732667;0.08039809917662666;0.02590923885576224;0.04274838884936072
1993-08-31;-0.002349247776288088;0.030492883570037765;0.030517997222149873;-0.016036120664928433;0.06608950450814555;0.044137033098889056
1993-09-30;-0.04484728908880531;-0.0025435107400662016;-0.046436431592666416;-0.08112805827911818;-0.04069723870960562;-0.00011774254426943909
1993-10-29;0.06180258344300937;0.1022782440038752;0.08435088205224783;0.038787795540076164;0.08148395045244028;0.13701846774906756
1993-11-30;0.0008948160972870323;0.01453899127133118;0.012177613862740966;-0.15946608537722873;-0.031470655804339276;0.052233473141768405
1993-12-31;0.005182140091348986;0.07410583508115498;0.06738995261634217;0.024726575501667014;0.06567652064115159;0.15723944364115372
1994-01-31;0.025232679871374453;0.08069707840256712;0.03357228957659952;0.14903550502123863;0.025753153018812647;0.007182598735216539
1994-02-28;-0.050593440628977415;-0.0803204600818973;-0.07153227117085037;0.02155570431605769;-0.042615893021077156;-0.040608277619953115
1994-03-31;-0.05443511168802717;-0.02304037782836388;-0.0778898940448477;-0.053904930944845275;-0.010428037442857918;-0.10117811868235382
1994-04-29;0.014548245466201148;-0.013469877919904838;0.036567830863204254;0.04297649972657891;0.05638837093903337;-0.019794239186319285
1994-05-31;0.0068926409087846086;-0.00798598397268313;-0.06147312488371637;0.012101166457531898;-0.05523773338964166;0.02419702437086535
1994-06-30;-0.06847205593633143;-0.03189755677315842;-0.03833305481222149;0.005717561684860817;-0.06302553899101104;-0.06807931359970198
1994-07-29;0.03933242472402343;-0.017609481701200025;0.0592673592187527;-0.03076617148108285;0.07174680718688009;0.06772286103931924
1994-08-31;0.025266039250781303;0.027985226382201356;0.04275203089856783;-0.00689061930675039;0.005276170284203685;0.10868560669758165
1994-09-30;-0.05434177114138716;-0.04005054116771689;-0.07864731841368133;-0.057801740684965464;-0.0776207873520931;-0.023095546900618658
1994-10-31;0.004043267962493768;-0.008937758859229539;0.03841960557897961;0.008342364704171601;0.01827212176188464;-0.036389917251153925
1994-11-30;0.020251664370804168;0.03409700650299263;0.010272500319815414;0.0030839934374735645;0.015262874892879807;0.001190894710343171
1994-12-30;0.0003303397338108027;0.010645862988598598;-0.013185998425633505;-0.0029151012489592176;-0.009289732093571978;-0.09351491324412187
1995-01-31;-0.009641612210721018;-0.04387594989996457;-0.051040177453650526;-0.09251413613681148;-0.04036301359555994;-0.13895376578514396
1995-02-28;0.02181847742550236;0.04206255307345419;-0.011494082684778473;-0.0645005991069676;0.011066053644421592;-0.04237448959474843
1995-03-31;-0.048030647399527227;-0.013150758676054863;-0.0031798568344515443;0.012349850873350166;-0.04453596104520674;-0.06720112259680366
1995-04-28;0.01550595844803282;0.003652401508814629;-0.0018043144938172384;0.03255407071020078;0.026458296552035465;0.028528386796056848
1995-05-31;0.05074874634749693;0.058973105654576585;0.03456352605889679;-0.05153249992241571;0.02483822118336132;0.06481383781200267
1995-06-30;0.029394095864874847;0.03443658120110582;0.00558416804592099;-0.04339516804420862;0.013401693683332105;0.007421266174556518
1995-07-31;0.031410816746934245;0.007921693025726428;0.05308305767489818;0.07683643058963407;0.05462370257621685;0.019693307400835414
1995-08-31;0.05039983025958339;0.02481692343446218;0.025323521349652545;0.008007639855110993;-0.0038799768608762664;0.02535214811137343
1995-09-29;-0.012392009076716448;0.027336845549061017;-0.026385573458886924;-0.04685626889450012;-0.04572703193035976;-0.05948296798654773
1995-10-31;9.99053324226562e-05;0.042855990257131715;-0.0006972835132627031;-0.055471717712886726;-0.013498743310350836;-0.03794238494234625
1995-11-30;0.06516998308239264;0.03342783685571349;0.02626888177138964;0.08061181911787019;0.025190289967589985;0.0019031443083563637
1995-12-29;0.00615943824362164;0.03023715331252541;0.017236137226507298;0.041755867287778914;0.029997987742639953;0.03491916693913333
1996-01-31;0.09182652960288906;-0.008974874733575278;0.05241651422983695;0.040264609848268185;0.08760689501797247;0.12891274132969865
1996-02-29;-0.0045216222237929315;0.02924063503910901;-0.0069394643187442595;-0.03240850279174601;-0.0021020353688425697;-0.0306505148132572
1996-03-29;0.004937931023260234;0.08217730498529763;-0.01082041445996429;0.029871465605489256;0.0013127582875112065;0.0023958989060755
1996-04-30;0.05544763745257786;-0.00041718809924096156;0.060100760920487106;0.09908969078733731;0.052791191666464066;0.08142104629278646
1996-05-31;0.04559406951887235;-0.01554249235495142;0.030098573417563168;-0.0341000960694503;0.030894174120434714;0.013642707602457227
1996-06-28;0.000677523641263944;0.04446232632486291;-0.011203149550677138;-2.476858880784416e-05;0.007938679201852095;0.0008117362148316598
1996-07-31;-0.095462950815146;-0.07271856270217436;-0.04744161743685271;-0.09629374041799077;-0.07358221424968125;-0.11869336433729916
1996-08-30;0.03512566611367496;0.056609439580848964;0.06467661487637866;-0.032884419387411934;0.02112977319961251;0.03814622249604582
1996-09-30;0.10695481076198532;0.023165160430566045;0.072279544289366;0.08445879951276258;0.07992589792795601;0.05709887472989106
1996-10-31;0.0253652342804076;-0.0029232020762247624;0.04696685031992032;-0.06734817602428489;0.010437086077076607;-0.02705704072115389
1996-11-29;0.11037862679627675;0.04133527190111752;0.09097079293067667;0.051966442380794176;0.08922788391082448;0.04944466154395011
1996-12-31;0.021355735620829597;0.020615171565590895;0.076931962904778;-0.030960355254280425;0.058681134723299166;0.04557134575332045
1997-01-31;0.12474616805719152;0.08429209454043218;0.021516382318906402;-0.061977333041541405;0.06895729777777793;0.12423134205470654
1997-02-28;0.046750516932910546;0.05255271164041586;0.07172897035568582;0.06362259079062849;0.044810127993804016;0.0837075150076152
1997-03-31;-0.05641079188203013;0.04534867367236939;-0.001963955354912228;-0.04479929960880169;0.02789652902440709;-0.03833645791383522
1997-04-30;0.0710474248968258;0.02934350475960934;0.023135735589259188;0.041236245730876364;-0.012550116942516731;0.0064380565534782885
1997-05-30;0.018750862570059423;0.036257370570442315;0.008024856211451992;0.07056071484460946;-0.006816373548772736;-0.008452092344580886
1997-06-30;0.07619650855382054;0.11337535451313063;0.04342339533126216;0.10614736653826173;0.09711506032430695;0.08417809193370474
1997-07-31;0.12077271545847124;0.05429914032719463;0.08705449268607013;0.006948098837102457;0.09520131674537113;0.053966299568667164
1997-08-29;-0.07520685027911667;-0.10807422541309242;-0.033086734344322855;-0.10216333674474198;-0.09218279048315581;-0.14211127001619395
1997-09-30;0.03332121661492948;0.08274100937938456;0.06701947163865452;-0.032849723848067836;0.08036230024828361;0.009072835097003518
1997-10-31;-0.05887191747419018;-0.0382529608111567;-0.06939193214507777;-0.12265731461909035;-0.09239992951689491;-0.19140411383518052
1997-11-28;0.06126473008162869;0.04411107700953898;0.01704828318786844;-0.04991182337084987;0.03245080775688636;-0.024862577463692803
1997-12-31;0.03553548871419698;0.07756325834298017;0.058770458022599614;-0.03796681392201362;0.05784320044418645;0.044852871893056756
1998-01-30;0.027061115614685383;0.05272330338387743;0.06306922630540379;0.10442833728276968;0.057080543984841414;-0.06569842754067767
1998-02-27;0.06467756845721606;0.08949213176768778;0.06370396678921275;3.804978713106699e-05;0.07575377488110147;0.09853560692179641
1998-03-31;0.09311324378911356;0.061841632009635994;0.09393622204087171;-0.0314927995105182;0.1359207035793364;0.08414473037246495
1998-04-30;-0.006634507211459417;-0.02305778589475105;-0.016164856396572613;-0.02213190648528285;0.015213754997499773;-0.028995087772833217
1998-05-29;-0.02868580305913604;0.0338559117362256;-0.04553995285011003;-0.06327995919874685;0.04029387944232887;-0.14476736157133596
1998-06-30;0.07197659545346258;0.028142454928998584;0.04347299018928519;0.04223156265593797;0.04192728928380918;-0.08015282324806006
1998-07-31;-0.029690148639541225;0.05181165360055462;-0.03975030891347553;-0.03290213030056388;0.012944733056950097;0.010926021623936633
1998-08-31;-0.1629711269123505;-0.17975843666048497;-0.0982155870352176;-0.13850724672493708;-0.16752255702712748;-0.30889248546234305
1998-09-30;0.01729220976294732;-0.1280279463361501;-0.06504361492905542;-0.07148150564424838;-0.08147854267835375;0.014950426627387436
1998-10-30;0.04815939466849595;0.11432262092383527;0.03201136013222272;0.1360497397324132;0.049572452400927336;0.07515286206407201
1998-11-30;0.11551729967143265;0.09639025676561697;0.09111865084867254;0.09236353635530725;0.10736313982460999;0.13130024722458167
1998-12-31;0.03605378103321;0.010246841392492323;0.009103396249149576;0.016216534876606792;0.03395707530778802;-0.03598183501386587
1999-01-29;0.07240738515915157;0.00422642196175782;0.01732797203593761;0.0355756168461665;0.021771955085793993;0.01137008383220417
1999-02-26;-0.009769738198741829;-0.014154151658308578;0.04126068705895514;-0.0035467870358263376;-0.029976332784470094;0.028556472523413978
1999-03-31;0.07447668875994595;0.02041653750775052;0.06371787752220981;0.17479829866027363;0.034579734497768744;0.1674996934400217
1999-04-30;0.05932786530248779;0.01998159047071657;0.06187599719821324;0.0651361001109243;0.050558407162475616;0.14879991439386586
1999-05-31;-0.02183292845791507;-0.048810442364916606;-0.05400395240610378;-0.05486508692875869;-0.04324014245580643;-0.00437928691773648
1999-06-30;0.07208215019388797;0.0010399680601587136;0.02000611693661103;0.11376663267994691;0.04538302140167194;0.13279329369255666
1999-07-30;-0.06967138317093557;-0.0002547788924772698;-0.023953931945001172;0.05758519756183955;-0.041238495651857776;-0.0646498316610965
1999-08-31;0.013389149510973919;0.019011804489912354;0.015855314802784903;0.012802861217018346;0.04217763885841763;0.02908096037233454
1999-09-30;-0.044484647145566325;-0.0172282613871092;-0.031162698970595315;0.04459776139031191;-0.019826044494457573;-0.04859648561645513
1999-10-29;0.08551291131289385;0.03780277380878605;0.04862510606990211;0.06264354874277323;0.061461462093836516;0.040544320429653835
1999-11-30;0.06402368574599038;0.034044393679783846;0.054516738153031596;0.08644037836309404;0.07982086788138654;0.1350612537742204
1999-12-31;0.07670112447058286;0.028170955277015297;0.06389953174810059;0.0690580230039648;0.14400178180714618;0.1344926559325319
2000-01-31;-0.028367453930977837;-0.08583313975843665;-0.06742105145279986;-0.017769492982960045;-0.035690544533695245;0.03271421533767893
2000-02-29;-0.02166641401816405;-0.019768333593888077;-0.029507800141749363;-0.02375031072303857;0.09363373578512335;0.015368706150126199
2000-03-31;0.11228941261916314;0.0934916320733934;0.08583887139634494;0.09481777764466925;0.00880143217723206;0.016249364312094894
2000-04-28;0.006377650008106306;0.004738360736746161;-0.0033825741930384456;-0.03810891458190779;-0.010649967188179343;-0.05858662906955525
2000-05-31;-0.050691379364941835;0.029064715758408743;-0.05784853569587156;-0.07445768706759981;-0.02654760690413982;-0.06523768881756398
2000-06-30;-0.01303590317067449;0.001300292914214518;-0.027196726864966103;0.030187117858084145;-0.008348588232765408;-0.0022298475936393114
2000-07-31;0.012789586035867773;0.03491566115659017;0.03820159842989157;-0.08745195736775258;0.0007767205451816306;-0.021834131987815475
2000-08-31;0.08755129802802197;0.010916312070198053;0.044754744770127974;0.10082537303751904;0.008933451620380728;0.038859760668865206
2000-09-29;-0.05563244887993912;-0.05591520645756809;-0.02867964458341976;-0.050841688095426996;-0.05081023792728123;-0.08852770338840565
2000-10-31;0.038009396939523654;0.054927808839622116;0.05283443787493236;-0.015073091778145975;0.03264566285376258;-0.030363539022463693
2000-11-30;-0.11796897215037794;-0.0018066670276782881;-0.09866786926455628;-0.08202653273430505;-0.07637262583406035;-0.12608394303035886
2000-12-29;-0.05728573335092968;0.03173896558091949;0.008751830451429354;-0.11313747806146768;0.009354645547752671;-0.03303609732275259
2001-01-31;0.04125800088936815;-0.016745657971796057;-0.012018523885259036;-0.0074099008411635525;0.010196396195176538;0.14284830293513995
2001-02-28;-0.07295164190623638;-0.04921275062384145;-0.04934632708359088;-0.02774651833523567;-0.08219157301764679;-0.06169293445771007
2001-03-30;-0.03284549726794217;-0.0674323026975524;-0.013623910479773516;0.00314640250475251;-0.044958045417175185;-0.06845312798623249
2001-04-30;0.076415552340799;0.025421792798919762;0.06126563244953909;0.0665037335057641;0.08024907820602123;0.04795383735342029
2001-05-31;0.047364375118648994;0.029010495397321368;0.0064657404356618375;0.0386104256746882;-0.024622387612737606;0.053525863277472
2001-06-29;-0.022884934450773886;-0.04138545920464831;-0.034087464090889696;-0.05952972786912103;-0.03800499068195451;-0.02052683961423618
2001-07-31;-0.04815834094418292;-0.0484642572835875;-0.038247235498982346;-0.11078040208844753;-0.03461122402641814;-0.09991180493390739
2001-08-31;-0.10655336609305843;-0.04391425951112604;-0.05207393349764988;-0.06693032281324529;-0.07864484208112166;-0.05243922125026723
2001-09-28;-0.09775695449524413;-0.06815929357803807;-0.08734322405097705;-0.11367118465360782;-0.146272565121777;-0.17427989373898756
2001-10-31;0.02099437272341742;0.0053818985635250005;0.02568185711888349;0.004167662385119675;0.050855472153089165;0.06870787226108721
2001-11-30;0.10228273211301486;0.0456927680188326;0.04571666327936397;0.03450129230214127;0.07429828089881907;0.13025486534842035
2001-12-31;0.016530830296018317;0.030501615025912532;0.0340826541784538;-0.05802009150585519;0.03857145723342903;0.09028982009823028
2002-01-31;0.003228560789391599;-0.03889935440703829;-0.025318089401478727;-0.062064059233202684;-0.03912988092516134;0.05206193793549696
2002-02-28;-0.020961286309861826;0.027368494125259435;-0.006280991951174597;0.0400208792660659;-0.006718643062113339;0.014940557162873569
2002-03-29;0.022324321374185496;0.04952566675459491;0.03118347182431669;0.04305341861763501;0.04373647279491344;0.044857167444059876
2002-04-30;-0.09835466034831863;-0.008074652106482283;-0.03274515326795102;0.02031159977895336;-0.050410291274151864;-0.02956261173565422
2002-05-31;-0.043639284238199405;0.00099051361624225;-0.05222559019313078;0.02360029860369406;-0.037441778601915;-0.051824397145507684
2002-06-28;-0.12224175193171793;-0.08751026101684112;-0.08995988140501687;-0.09931004591269821;-0.0766415094592372;-0.12111383441082824
2002-07-31;-0.07007388498260836;-0.11849469724889483;-0.06549431276167572;-0.06764084421029637;-0.13980930630272037;-0.07425054387501717
2002-08-30;0.008140304871879112;0.0020198543059575247;-0.007101730697909314;-0.007263289092487746;0.012485090483616235;0.018824419635154133
2002-09-30;-0.11456656071277604;-0.06720880038332144;-0.10525465398343448;-0.04585608800664287;-0.17054114578679935;-0.10962583880556664
2002-10-31;0.08629388169514862;0.029630612823317026;0.07387126225006146;-0.07345232221022269;0.1245299971176197;0.06045222128281491
2002-11-29;0.0635557842385508;0.028264691760417238;0.03336349129289906;0.043861458319806035;0.06909505785633097;0.07222251295467874
2002-12-31;-0.1234516455057375;-0.09124613145620719;-0.08724786741793045;-0.09113706883147799;-0.11125944455858172;-0.09811065396218532
2003-01-31;-0.0459567201126273;-0.05574772020166019;-0.09129617648272503;-0.06195888480220213;-0.054145995335964425;-0.026603771762854223
2003-02-28;-0.012025208386887032;-0.04987993939885371;-0.012919690095045233;0.009160087720339938;-0.038358351361398424;-0.023833117651414937
2003-03-31;0.007384066954781998;-0.005870990461605663;-0.0028763742210986543;-0.04596843707846887;-0.03215547260399221;-0.030211397174654153
2003-04-30;0.08474509381860318;0.119265726124264;0.10523851309933119;-0.006701302737975534;0.16537195270934602;0.09027507064380313
2003-05-30;0.001341187808108657;0.009482771735951578;0.008684963931579137;-0.0034711458269538475;0.018356734295995825;0.018557268300761542
2003-06-30;0.06262274962778691;0.04857150515884645;0.05860690758036857;0.12703244217685916;0.06527813318326925;0.10943531754478752
2003-07-31;0.026230791773760753;0.047211345206061406;0.013801474743551534;0.04841446922388459;0.0331520626961177;0.07062008401202968
2003-08-29;0.050826300164996896;0.022055956662046183;0.02442950170365865;0.14018064145593256;0.03190622429607015;0.10070397325160996
2003-09-30;-0.07473816911801046;-0.02315819163293753;-0.030838968495057295;-0.008067855591473494;-0.06141350901473819;-0.057070192323548596
2003-10-31;0.06653815295368481;0.03134929392642927;0.07748586260025592;0.05512997714350942;0.08408906135612093;0.09480360855336678
2003-11-28;-0.01853755269050794;0.023897992705515625;0.0009204716424346948;-0.05794537134350619;0.02266448004513033;-0.01600362917152942
2003-12-31;0.004966828538372603;0.031058332492009066;0.026908641264163924;0.021606177289842154;0.040098624603462696;0.024582942738799574
2004-01-30;0.040192719837619295;0.04837278303168224;0.018567406699761424;0.040169112345727065;0.03954957135027959;0.057967928658064105
2004-02-27;0.016140966446930305;0.010534731826657096;0.04986645739952955;0.0010265011902690357;0.023167778796866934;0.0502720336234872
2004-03-31;-0.011147276893511915;-0.020085580218749732;-0.01874860725549443;0.14009325321931643;-0.03419083747833229;0.01772252520830664
2004-04-30;0.003119621203092615;0.035778454917478886;0.011581509938747514;-0.0364578774102593;0.006122724743065744;-0.06452985165124558
2004-05-31;-0.027142672806913293;-0.03190579519214454;-0.01896983020641474;-0.07359268993374468;-0.024443289750894603;-0.058822735523024305
2004-06-30;0.03132078933507354;0.012589535978942301;0.01238308761901541;0.06673551809466804;0.037342665823051346;0.0168226093989845
2004-07-30;-0.02233036772029784;-0.022258824323651782;0.002064309490643401;-0.0478663705003769;-0.026571054002772487;-0.005765437043919075
2004-08-31;0.005828882914513445;-0.011272889815757026;0.006443422513064734;0.007964241053561416;-0.0016197094016655589;0.042594755710876786
2004-09-30;-0.002394899553392782;0.011719463443068179;0.01851069875770439;-0.03617256578160599;0.03106847341178387;0.04376267848236193
2004-10-29;-0.03545188483358552;-0.032159929138602994;-0.02683518514104488;-0.02510645819541124;-0.000633459434338679;-0.027220679478384024
2004-11-30;-0.007304431831538394;0.023590816538224146;0.01515184272868253;-0.00048363373760507145;0.02519882952009267;0.0418033571628762
2004-12-31;0.02607956390712718;0.036578632683202494;0.0235625980112939;0.04220415466460503;0.04243434634060028;0.03905358005407611
2005-01-31;0.026852838131347978;0.02035056447290362;0.045380979918989706;0.028470266360949736;0.03023755906948611;0.056252477814459745
2005-02-28;-0.004927321162090159;0.029862143187366685;0.022052396650374728;-0.005156494190888927;0.02085717638065332;0.06033520647907564
2005-03-31;0.013083043746416223;0.004944316088755896;0.0023383544845316795;0.008646998900564196;0.00472387886139547;-0.03830045075608257
2005-04-29;-0.0262780667206034;-0.008843517744424934;-0.018789657936783666;-0.033871847798575216;-0.045894717864870094;-0.03479158623871459
2005-05-31;0.08423852600898041;0.051472878448564074;0.03997468172603047;0.04036359308439463;0.06406927129038587;0.0868815202332851
2005-06-30;0.03309973248928011;0.0236044870588783;0.04690935278830688;0.029519127929930944;0.048416191151219534;0.06608962593289802
2005-07-29;0.04388090837485947;0.06039922888857463;0.01929701443376919;0.016102660635196386;0.0542214334776292;0.07726661575203075
2005-08-31;-0.02632192843457315;-0.009019175553345526;0.012238426294143734;0.051193093320154315;-0.013658028365517438;-0.008348979613567842
2005-09-30;0.02875946244960481;0.05452963821356249;0.03804431138234188;0.1257688326851678;0.04733036762372911;0.11513177685773823
2005-10-31;-0.028109296148179364;0.002725510549915322;-0.04198962627571523;-0.023738361994710022;-0.0504760656699349;-0.0764571270591844
2005-11-30;0.06920791035791662;0.06345990399452606;0.032316492986022904;0.07155572659404696;0.0519186757916259;0.11277125093709728
2005-12-30;0.0013230554296901342;0.022413782510924296;0.029587723244170805;0.08661399246654411;0.04069083309781085;0.06004380827579636
2006-01-31;0.002846291272472934;0.03521902279159872;0.0343850655184581;0.025424255881631552;0.04621571475876962;0.08583374813794786
2006-02-28;0.027679327044216828;0.01301655328922835;0.020002415590577804;0.017946168911711524;0.03652652931842093;0.025654693963581332
2006-03-31;0.0012227849126840162;0.013554905647368054;0.016892716855139378;0.01384488160541042;0.032388653511186805;-0.002594422677871022
2006-04-28;-0.02375212812596661;0.0255958709640014;0.02071145138413444;-0.008406715330927406;0.0053118340963904664;0.03230696898515428
2006-05-31;-0.06367680517377916;-0.06396840606744303;-0.05367248549499759;-0.09511824170832539;-0.060306315036202984;-0.13601679320512838
2006-06-30;0.01864173049044604;0.015877752295348824;0.027669915830982772;0.00624556268024401;0.019209061633485458;0.015342953154683148
2006-07-31;0.0034204692974650897;0.03164859876155979;0.022989246114832662;-0.005451568685395092;0.008914818145284498;0.014788180144663654
2006-08-31;0.01892261369259418;0.021517920164124682;0.01909606533567354;0.00982872224118414;0.033343502051938145;0.020735244764157557
2006-09-29;0.047532596877080335;0.03683991146588461;0.01640310009111645;0.005092704430843975;0.038147635628979826;0.030113399098640192
2006-10-31;0.032687604286548044;0.02526036351790162;0.048419049037428996;0.015948018003251185;0.03741954953372395;0.04604515107030016
2006-11-30;-0.016759636850726123;-0.005078409914106907;-0.01232223360314244;-0.02904231278472824;0.004991437651439945;0.03591099429840683
2006-12-29;0.02313859778974714;0.028896422911449227;0.03653278500889212;0.036015024334834056;0.046177782780232324;0.05647503677598564
2007-01-31;0.04860299130474388;0.04920636283920521;0.028330232519083953;0.03865373838729114;0.036887872654802534;0.01953460565610321
2007-02-28;-0.0444802949898917;-0.045719151055051754;-0.028000440555310036;0.012488186073943863;-0.02600255347789293;-0.03231648396395337
2007-03-30;0.009409723444830043;0.02632918699927589;0.0317405829934021;-0.014205886571420412;0.036736599220727584;0.038611494623335796
2007-04-30;0.03295410129891696;0.06458451411837918;0.034390560395377134;-0.02875746776562571;0.06434412729291217;0.03762916699809993
2007-05-31;0.04906069578476191;0.0031780546777115948;0.03087139621390289;0.030122744705884497;0.04278782039014506;0.06306726783027083
2007-06-29;-0.01174491736233485;-0.020193365203493685;0.01810533948255655;0.0020470745591611994;0.0018234110012260718;0.052599866164747766
2007-07-31;-0.05274984336413846;-0.038628986436753054;-0.04697281331970382;-0.024051067755160083;-0.04502045041530289;0.02958995224550609
2007-08-31;0.016955940600623665;-0.0036809389022873784;-0.006619402814465825;-0.027671396823676253;-0.008349714248373497;-0.019216373226594197
2007-09-28;0.008090410293668082;0.008681959899982106;0.006304481944749307;-0.006003196400866773;0.027843582871389883;0.07856454545082103
2007-10-31;0.00608662529383075;0.00842357800930471;0.04900842176745712;-0.014344610999730056;0.03789596811496598;0.09982942294789998
2007-11-30;-0.07403294395417381;-0.0319530351263182;-0.08520629477491914;-0.050932281119609235;-0.05177610214150652;-0.10171307246834871
2007-12-31;-0.0002958334052712841;-0.033802928514641395;-0.021644290126644927;-0.034310979425358656;-0.0030406081549514408;0.00905518279679618
2008-01-31;-0.09746547753956825;-0.09310035417458751;-0.12496045402994704;-0.08306189436230726;-0.15237682950361597;-0.15877807518645015
2008-02-29;-0.061526953323534084;-0.007906141971852465;-0.027375540752121785;-0.024722791628863372;-0.018197543544293704;0.04043104911006434
2008-03-31;-0.056336733541272666;-0.03809124337142944;-0.0732061618828882;-0.09068196215712798;-0.03737940863508393;-0.10288455435572808
2008-04-30;0.09632318064153611;0.04932701934367878;0.11222391990518776;0.12052825379537024;0.09046797102145843;0.1295601417703598
2008-05-30;0.02986535314171479;0.012234980749172841;0.007695913478172001;0.03921661039341218;0.025353107956931353;0.03279101896951331
2008-06-30;-0.11286791573281107;-0.08618942255140483;-0.09467050923232301;-0.09994655115573348;-0.13500530684770762;-0.13036716031954554
2008-07-31;0.019227584591989366;0.02552590845721614;-0.011253075034029725;-0.004116765848358073;0.005682783422401583;-0.0070554104753635105
2008-08-29;0.058717455924997886;0.01396198035494578;0.010815105942842518;0.0028776096044103028;-0.0023744543801048623;-0.03866870204935724
2008-09-30;-0.08748949430186848;-0.09706385886088165;-0.14450293771057898;-0.10743535995412701;-0.15011947403920378;-0.17104735189213682
2008-10-31;-0.13306060706635991;-0.0824990747274047;-0.15250176064721643;-0.10880082781300637;-0.20450361077066048;-0.2402708201728433
2008-11-28;-0.03049323629165157;-0.0484049612645896;-0.020533272775592137;0.03368636966871508;-0.020959404061914544;-0.031981194328085105
2008-12-31;-0.1103485007999424;-0.04546853970109377;-0.14698048951749298;-0.05029433712750975;-0.03572637816868485;-0.05299501931989903
2009-01-30;0.004629577941167584;-0.03920881903660667;0.025703743707360616;0.019395631849313144;-0.05969616788573562;0.023545518996628934
2009-02-27;-0.08928196239125819;-0.09308228298080601;-0.06822778857486267;-0.11089956370989129;-0.1037202821873392;-0.04235646662038417
2009-03-31;0.05725464667822444;0.054788309762761056;0.010059412671928447;-0.0051022702972342016;0.05880580922714551;0.1138886412477711
2009-04-30;0.08555191782202098;0.06720294084864742;0.11531342615717066;0.08578710767465902;0.1484138417811518;0.15542388353180647
2009-05-29;0.008548118285465423;0.047051417449847754;0.08855324569490741;0.05446959179757771;0.07277190478539075;0.11985042039785188
2009-06-30;0.0029123450091199654;-0.008830172062226138;-0.012091025032344715;0.01827270732136621;-0.02532530766742136;-0.012632845824905536
2009-07-31;0.08213831837720975;0.11813292648891083;0.09954213782708177;0.04934849888424453;0.11445964945615938;0.12016167919499754
2009-08-31;0.009582993554507757;0.0391726966087409;0.02964766895628368;0.014059732295990113;0.04289236152927178;-0.027580420539443207
2009-09-30;0.010320013229232927;0.00801853812119857;-0.00029951966822372444;-0.04370763032335501;0.033926864897319;0.06103529219028192
2009-10-30;-0.03351872973177261;-0.009764664707972215;-0.0017455285359200268;-0.03914741660553178;-0.04882721690714542;-0.013118070923892722
2009-11-30;0.04283807297883713;0.0007191750456978507;0.01290059131082777;-0.025820701719459382;0.017986542021943608;0.026609718515288483
2009-12-31;0.048615632191465696;0.04433039001568706;0.054498937582210694;0.035432159614342984;0.03795834755142691;0.0681523874048029
2010-01-29;-0.015299748178729033;-0.013594790807621826;-0.028608062254462885;0.03987255723770766;-0.05754695574862456;-0.03625045837093499
2010-02-26;0.057163451400462195;0.04482219512517149;0.010696022081823298;0.037017245076508276;-0.011416720384179846;0.029338676927119556
2010-03-31;0.04748801198833741;0.0478872760360467;0.04726429286408851;0.038258717547337895;0.057159507236723694;0.06816987061642443
2010-04-30;0.0300524516250793;-0.03412282787488752;0.002411290120264198;0.012253888155872916;-0.027274848969357723;0.02631720237736368
2010-05-31;-0.014951599496237478;-0.04308630530457569;-0.04509152622371959;-0.01520556724472244;-0.06510595307905076;-0.022342754094535233
2010-06-30;-0.11491115168348165;-0.025279492272414217;-0.08604168981963345;-0.08393169260854183;-0.07679665609552111;-0.07190729274479069
2010-07-30;0.02713367923817378;0.006216546342228346;0.07654779819466273;-0.005761176381868016;0.08548788854151002;0.04066452557208877
2010-08-31;-0.0605328535269164;0.007646070220592938;-0.03627837216221397;-0.03929892462812146;-0.0770007314180432;-0.035625113843173795
2010-09-30;0.04483361325920776;0.010246274988069182;0.04366548619761201;0.00217035053931669;0.08324105541976445;0.06432236652554746
2010-10-29;0.05193134428992874;0.03515294123580581;0.05199934926615235;0.03271984541747419;0.06864194188147565;0.04155051228163109
2010-11-30;0.010933570575940577;-0.026623093550878663;-0.0397899324058012;0.03104696699908671;-0.0998712949607321;-0.016808233734508682
2010-12-31;0.0005378096542978383;0.02267629173175756;0.006268045362879615;0.009324050347218948;0.01796049582954362;0.004851950760019319
2011-01-31;0.030645337867590383;0.003318146080012463;0.02637653179275179;0.0077937095870814765;0.075765829187179;-0.02060331435063656
2011-02-28;0.015327107445694432;0.01917050470870474;0.02480634116014513;0.027213237442787586;0.009036034806158888;-0.026625107836457773
2011-03-31;-0.01033402870363398;-0.025927234794692722;-0.03558190464664346;-0.10166794529128731;-0.0108641013630566;0.04676281959031248
2011-04-29;-0.0217724223788488;0.04250315538517002;0.016378679133369323;-0.04735020680362578;0.03010038745479826;-0.021167230344449117
2011-05-31;-0.031774458409036366;-0.0004420508417186664;-0.04242958286338794;-0.037083820572479276;-0.06951012146926283;-0.04644937578017605
2011-06-30;-0.035957169065302;-0.06200500923618568;-0.047563493637861165;-0.004928442676979006;-0.01928348922579426;-0.034002862339846285
2011-07-29;-0.05750691568521438;-0.04124987077663045;-0.0381353323745085;-0.004711367826115254;-0.10081498336146699;-0.042399762090945425
2011-08-31;-0.04345819594304057;-0.05452161742841388;-0.06139774740374149;-0.06972955199237829;-0.11689018954379582;-0.07756646386582
2011-09-30;0.029595196436719817;-0.016999021893934874;0.011942504070431736;0.09184958307539492;-0.025606060573635236;-0.052168828855096994
2011-10-31;0.07351127893749898;0.048682235757166126;0.08385002233475869;-0.03513623140297051;0.09199410627245186;0.09545837384570421
2011-11-30;0.05621641330088645;0.0001505914932822261;0.030531968617251604;0.012409600303977086;-0.0015570370505787468;-0.011408545805071668
2011-12-30;0.02883452019100008;0.036661607442207256;0.019934947360336075;0.027712030764428075;-0.019702860757917384;0.0069986352338338165
2012-01-31;0.017583883734639594;-0.003411676544794351;0.00612888888182761;0.015754122711094443;0.03323418631781805;0.08223539500057653
2012-02-29;0.02315079556110966;0.03293805726187471;0.031139056658742614;0.0294588304121699;0.04390931371574114;0.03885526191366839
2012-03-30;0.040666126125092905;0.03164729286263279;-0.0036484245654949676;0.022603490500401113;0.0031533035689235156;-0.025172482635331783
2012-04-30;-0.0012949977230368726;-0.004190395930014357;0.01765940756428308;-0.02732248586792352;-0.0501429746902009;-0.006966671004119407
2012-05-31;0.0008355228296339501;-0.045285772365193155;-0.05587388351350209;-0.028815249198581472;-0.06998890915537881;-0.0526814259648295
2012-06-29;0.026648476429158352;0.049889149346908246;0.05769672948785676;0.03844451215717437;0.07851212889890324;0.026177340006909855
2012-07-31;0.039121040638079974;0.047712221549469636;0.03722165293667401;0.00074248709068514;0.024423552795717507;0.0459594610604217
2012-08-31;0.0007998765668790764;1.841063343488436e-05;0.010930108111310233;-0.02922483255503594;0.04142004226924123;-0.024978011472059358
2012-09-28;0.0010902929871023925;0.006747490553824509;-0.0007840047467665423;-0.00037427025381653323;0.009364095825273422;0.035296689844057205
2012-10-31;-0.024767221651925353;0.019241823083832488;-0.0005250284850449871;-0.025447914832056218;0.017271756841638064;-0.012767020784875793
2012-11-30;0.002503457284171784;0.035249892339718425;0.010245900584855194;0.01967124967591105;0.027908134961562192;0.008734612503191963
2012-12-31;-0.001080305882372179;0.002232357267283769;0.009956552932622875;0.04202729308619002;0.02718693674135375;0.038014985078959285
2013-01-31;0.047855345951627326;0.08114782821152855;0.03372496934464286;0.031734409051087153;0.05609355675645533;0.00906868081534662
2013-02-28;0.033865461943424435;0.031089848951729948;-0.0046533596224701546;0.047989192124505475;-0.02482932378581859;0.008071232227086611
2013-03-29;0.0595994203036585;0.03921558915936174;0.03333136432793227;0.07168968092936412;0.004298705060107766;0.003820067776950209
2013-04-30;0.007318762940220047;0.033466211839405346;0.018217152776037304;0.07444309689664252;0.046333653540689745;-0.00438472578103144
2013-05-31;0.03859989292831911;-0.008446684940896731;0.01851016202621203;-0.04041044745211264;0.03563112791256562;-0.008451212226633031
2013-06-28;-0.021296306880241533;-0.027046213653813767;-0.05962837197599535;0.009337226215293315;-0.058850756555957284;-0.07074742918493437
2013-07-31;0.030367460379592703;0.016557667798295927;0.04336389641777183;-0.01523011333728097;0.0636226700034832;-0.010377974272744006
2013-08-30;-0.023493030738118703;-0.008949661190916225;-1.9058889356382558e-05;-0.017376031626044508;-0.013340891926379772;-0.012641998990320258
2013-09-30;0.005356057794003499;0.039638009610896585;0.027338517068862478;0.05490984852871894;0.059160134221279304;0.036715507438059625
2013-10-31;0.038513448802512285;0.019811700101650676;0.029192811353066617;-0.005627072772350972;0.05282969524942582;0.0428227798324603
2013-11-29;0.034235311784116984;0.011769757251294699;0.015791436701534156;0.02055109727660276;0.020668195344065943;-0.009070173342091148
2013-12-31;0.01063273123114028;-0.005464013883980656;0.011121097869916774;-0.007833150589841686;0.004472754161168213;-0.02994878248426147
2014-01-31;-0.02028462740243453;-0.005715698633202204;-0.029417551986189117;-0.024975469671722483;-0.029253686052905015;-0.05148368552851579
2014-02-28;0.026506170357071035;0.0496526895210867;0.049300948866867644;-0.024802685613485087;0.052175390760864415;0.013090435015217894
2014-03-31;0.00823198524897406;0.0029214579843117594;-0.03040878094824284;-0.010186498254143084;0.0024686847952444246;0.03231723266460462
2014-04-30;0.002606167259330272;0.014708467207167342;0.04180114353401998;-0.02909698697283314;0.014542408347264058;0.0003276152575975022
2014-05-30;0.03950318585975099;0.027014706405264377;0.023594359058302983;0.05649117147333871;0.027872523155863638;0.05094226591325657
2014-06-30;0.013002043248398154;-0.013667702234402834;-0.0019228689802227583;0.043755659677937375;-0.01245684496790378;0.018552425291031627
2014-07-31;0.00609382722520202;-0.020151274966306643;0.007555373210957672;0.0263654754490521;-0.03628382916276274;0.04101896772097424
2014-08-29;0.048038548567490125;0.029827571726937396;0.011456360659487297;-0.014238961077439272;0.00805267831046641;0.0307069362207113
2014-09-30;0.02557738487272654;0.014932970419808234;-0.012425192411766983;0.03560009462244107;0.00760308303718249;-0.03515559228200671
2014-10-31;0.031007635136415468;-0.0007561445454201676;-0.01689138517339539;-0.006395206637935469;-0.02676529016360596;0.018699503101863524
2014-11-28;0.03368519172872886;0.040568554386261724;0.014855904278085141;0.010109739218473246;0.0500236807379002;-0.003610117276919511
2014-12-31;0.020570620212615243;-0.024135879710804553;-0.003859267056356086;0.009187858849104114;-0.028373026977137172;-0.023001631242197562
2015-01-30;-0.09334803705234296;-0.06071561289467309;-0.0764460592868541;-0.0452131713286168;-0.06537484380010905;-0.061341527390395556
2015-02-27;0.08957717369184337;0.0766028154945686;0.09401963699195326;0.09187265034664183;0.09769533421974597;0.061353846582702376
2015-03-31;0.010665223710653038;0.023927215126837043;-0.034495789238175534;0.04239709950031689;0.011662409001955032;0.011091174516544733
2015-04-30;-0.030521508006904785;0.002027330703410435;0.027198971923891646;-0.005235510770944751;-0.011124420624356146;0.034826584545083916
2015-05-29;0.021336622213822043;0.021295853146098276;0.006808536471941906;0.021135565586410943;-0.006404492683059648;-0.0322622500466303
2015-06-30;-0.03152170919291508;-0.05327431587587905;-0.048016653566644196;-0.029608960033190912;-0.03560761130678092;-0.03771101730263959
2015-07-31;0.05480883724374319;0.08009647725349622;0.05205321723335943;0.03902206124546925;0.07369350360355198;-0.03690771962713768
2015-08-31;-0.061346566662531354;-0.06862894748511084;-0.07491342159603409;-0.058766202935929934;-0.07186614725963025;-0.0907600691759547
2015-09-30;-0.01545823283744363;-0.03318686661354453;-0.03369801100372638;-0.056355607786585216;-0.03893278169139003;-0.018738834966782414
2015-10-30;0.09797189244553572;0.05924944983227354;0.08818759202212378;0.11665374378717286;0.10118053185077414;0.08670126466319861
2015-11-30;0.04780302107917711;0.010534295585463704;0.02044076003297368;0.03379210364776952;0.027958806884484044;0.003501255636262135
2015-12-31;-0.05552320418020007;-0.030144758620151868;-0.07704983061931092;-0.03607340096437961;-0.06832729668989579;-0.060252576763600185
2016-01-29;-0.025424040397630576;-0.048011792345053816;-0.03276413712886672;-0.05537271774220587;-0.039314222665054355;-0.0374322629664301
2016-02-29;-0.021198605002636928;-0.03672476904784516;-0.027492354803052677;-0.04597261283367082;-0.044723682243834606;-0.020627681026643252
2016-03-31;0.029266155532764904;0.006282244610573695;0.009945730448510437;0.010352547555809943;0.03845750565625461;0.09100220314623653
2016-04-29;0.004628160244315893;0.030986402513099476;0.03431069352937355;0.0461757805053189;0.018502518302139004;0.005321180402551251
2016-05-31;0.04854095991726637;0.029294997962612923;0.024848482686581574;0.018983821118339295;0.026058166534592697;-0.008501935462999821
2016-06-30;-0.009649562843915827;-0.018170840530018828;-0.04765192864993595;-0.03630881641149852;-0.07257056556638719;0.02824567273979306
2016-07-29;0.035936875604989815;0.02262117300431732;0.025671696302263625;0.06277430216589597;0.05619542931545918;0.048859445334953344
2016-08-31;0.006841268207455009;-0.0010331728510306615;0.007086338795879943;0.009217382790106088;0.014945394147796387;0.030638698826653155
2016-09-30;-0.01338554703209438;-0.006275395069835321;-0.004443897653994999;0.00269235770599785;-0.00516785299435274;-0.0014857076242192901
2016-10-31;0.0013098949526157977;-0.03471410012031517;-0.03189897753576365;0.034115863121089385;0.008914710977406592;0.023175669625561612
2016-11-30;0.06169210237033895;-0.00047869504452557887;0.02826202836637437;-2.520672990802275e-05;-0.011212103150453179;-0.022418280115100053
2016-12-30;0.0218771962909301;0.0454270133736181;0.044662267121006405;0.013106765955409827;0.06693688057313918;0.0060684453180717135
2017-01-31;1.8786981486274e-05;0.01903515347461937;-0.007630349008748261;0.01618458710445303;-0.005965693942583061;0.03338710329404271
2017-02-28;0.05059398638110468;0.026512548609070485;0.031240579617447528;0.022211111370787018;0.020372938104585403;0.04187154970998841
2017-03-31;-0.004659656488508523;0.024124916922726447;0.010525070174370876;-0.008381812616658046;0.055084991247011716;0.019276898701141798
2017-04-28;0.004038015570944742;0.03126777288968041;0.013945690924968446;0.003726808324534314;0.03538405463319738;0.01525216006628538
2017-05-31;-0.006157245559240576;0.0350481656665631;0.025918496445946237;0.010071156477595489;0.03195992551681659;0.009662851041523535
2017-06-30;-0.009644752347973462;-0.01750157943744668;-0.03488475548625036;-0.005177318588102775;-0.02648838909066631;-0.005235274442001114
2017-07-31;0.032614027017121794;0.020802152657658946;0.03810471069301924;0.03247986785331625;0.04966947284382539;0.07313376193829502
2017-08-31;-0.0030298169163330835;-0.014777924071968429;-0.013809276280275729;-0.006748236864841273;-0.002404444690486396;0.01624826705788851
2017-09-29;0.027696834852051877;0.027212679892377523;0.04056338103792578;0.02815130306277802;0.04616431864083492;0.003381546722374784
2017-10-31;0.05123962735400123;0.010405659744464169;0.03395878865347357;0.07510512251408263;0.037423604436817914;0.06379811045233219
2017-11-30;0.01918391961661281;0.01017822177819605;-0.009672289748255847;0.018692177335215998;-0.008066267198601929;-0.008884477573812277
2017-12-29;-0.0010412300303120903;0.0016834621764483249;0.037291373347343004;-0.00466711290646149;-0.01327395494364092;0.024234769665932854
2018-01-31;0.010448009769271849;-0.003530162841793194;-0.015311127270409064;-0.0005925214291840897;0.02292175669832308;0.03532067332784461
2018-02-28;-0.025635724831462148;-0.05273645701182539;-0.05307297330589211;-0.0036944210750530226;-0.04674217185334617;-0.03502409586593702
2018-03-30;-0.013638513922362816;-0.005226573956650604;0.007588756791094831;-0.008925923521236001;-0.0016945851782039778;-0.007506650865390041
2018-04-30;0.04246639168214017;0.03916743915740173;0.08845933092578062;0.045226837089884064;0.07154086054270903;0.033894884691141325
2018-05-31;0.02184804597457357;-0.034580381428176654;-0.010736442447949801;-0.01218055945220875;-0.04648511220387497;-0.03758331756444566
2018-06-29;0.013012252689621695;0.01572890375390923;-0.0035041130567359247;-0.018966846381483382;-0.0018291193670448846;-0.03495625327359042
2018-07-31;0.030162815747262872;0.05933154671398766;0.0031629563391042392;-0.0015539052323297886;0.03130684466190892;0.01718477547720565
2018-08-31;0.01224811509822965;-0.013967948350923187;-0.061160731173128036;-0.017973793293757923;-0.05144589164489677;-0.046403024511641244
2018-09-28;0.014381784504067685;0.010680493664284363;0.02745745591431592;0.04173647032975225;0.005433818923841649;0.00474023754793218
2018-10-31;-0.04214410407839719;-0.011276744611006917;-0.04018962416866334;-0.05767908979855674;-0.060542448153920625;-0.0602318636377448
2018-11-30;0.009449175506482055;-0.007475104244527686;-0.026209108444003704;-0.005878060253491246;-0.018774924905835877;0.031033453798484434
2018-12-31;-0.10012838486854514;-0.06470110563878262;-0.04847615419481677;-0.0768635012260922;-0.06014985680435625;-0.03664617121343261
2019-01-31;0.09097302571208354;0.07032657486351379;0.07952244471884873;0.06957460440405261;0.07592285473337257;0.09641267068282056
2019-02-28;0.036599629348247564;0.045158430397600036;0.03722538849864798;0.002761578621209626;0.034712529912206636;0.005368227077982457
2019-03-29;0.018539807787504747;0.0263268717306413;0.010657563280759064;0.007346179423632249;-0.0005056476528662035;0.00863793505235888
2019-04-30;0.06333443406224237;0.04221600251284352;0.04538875952795385;0.0365301564938576;0.0744550977384788;0.044054542506419825
2019-05-31;-0.07513904466066124;-0.013988568132700219;-0.07186535823933105;-0.051755861167562145;-0.07239361190107252;-0.08404490002837661
2019-06-28;0.03691455749149619;0.036988968376169495;0.017232917812873172;0.005362133963181526;0.041327631058491576;0.030119521386215098
2019-07-31;0.032702915752074624;0.010139530317806233;-0.001339385675285576;0.01842143954532882;-0.003952720005467314;0.005398556326662973
2019-08-30;-0.01932497392632282;0.0008309140373528034;-0.04850929564918738;-0.01202188033439433;-0.024860747396726723;-0.05034400282001639
2019-09-30;0.022369449564856536;0.011394370459944847;0.04638420479951555;0.04666853822463346;0.03165809467487901;0.02400793467041784
2019-10-31;0.015390832987987269;0.012012703412619397;0.021651847055599527;0.041989524764193265;0.02936107916955577;0.035766333315759846
2019-11-29;0.051051915385506685;0.025440058377556474;0.030442089851927312;0.018677131743161546;0.027892621479919555;0.011643379431424794
2019-12-31;-0.0030131668037379766;0.011277811972848273;0.018483971601630733;-0.010984886979071407;-0.0026563155659697912;0.04148879000225425
2020-01-31;0.004027253384709661;0.010000545073502343;-0.035893658322153965;-0.011556452781342763;-0.02752905391228977;-0.04460642563813744
2020-02-28;-0.087745384610182;-0.08559040795445338;-0.1251953663539488;-0.09751679053222351;-0.09324838718998052;-0.05907148679379892
2020-03-31;-0.12651851434314798;-0.0417723410255153;-0.1593675203432775;-0.06946050146404947;-0.17243826132572238;-0.15346405610325153
2020-04-30;0.1398726703937454;0.05943776968704473;0.05915750638970052;0.06164327798066327;0.07164303193440325;0.0998086197946002
2020-05-29;0.04183446639706556;0.018848264623629207;0.0008424688210746378;0.04897610503262584;0.05502749606100732;-0.001862385780042719
2020-06-30;0.012183581650736297;0.019864327067157905;0.003900168025436024;-0.010304651355178218;0.048930773677778205;0.06285882104300011
2020-07-31;0.010498274285624332;-0.007245074120151851;-0.032706345814677795;-0.06127103369657072;-0.009258305325213434;0.03996785367060296
2020-08-31;0.06945575399677728;0.0197309332891884;0.030085706031868886;0.07052749487178578;0.041656681859213895;0.017002798693979804
2020-09-30;-0.01609322298395366;0.006865502678017332;-0.028883784872436702;0.033376347139983054;-0.015914062487899727;0.005880731532578398
2020-10-30;-0.03351189200771387;-0.06287201045485313;-0.057782300593337;-0.023530028449648577;-0.06916148785866849;0.012905024652345443
2020-11-30;0.10010400186747326;0.07770667901072548;0.15156622035651823;0.10925381118250299;0.18577754082006193;0.07727982383302923
2020-12-31;0.01599076783775688;0.023462979882318935;0.029067379497791146;0.01620687003775112;0.01789339928008804;0.04794302476609458
2021-01-29;-6.295251211430042e-07;-0.0113080998790408;0.006948478280318193;-0.0007323392701041875;-0.010847607892667588;0.040571714353002
2021-02-26;0.04307455268353144;-0.007042712846551447;0.053118513497135256;0.03198905356214965;0.052297188589398136;0.02435788258049576
2021-03-31;0.08100036721899895;0.0715481468937249;0.070496135238717;0.05422154089950748;0.07563959648536;0.02632967738722325
2021-04-30;0.01804449220283888;0.009163030483721801;0.007821248890800936;-0.049201279806286524;0.011244953328911844;-0.010333855075058906
2021-05-31;-0.005743626583228134;0.0393346654044322;0.02925561186840353;0.005032580189012759;0.0321101775170618;0.012675006976135439
2021-06-30;0.054111584977333704;0.04643573361054609;0.0009629255354208777;0.022771079229766622;0.005667327580042958;0.027672261402952758
2021-07-30;0.003902971814501388;0.013728841362789623;-0.010362282240388931;-0.031690774846808045;-0.006209337865789366;-0.08471294203887092
2021-08-31;0.04014665452850563;0.02271677035144526;0.018981061417872702;0.04141429608698233;0.030532004192189044;0.0370938475688225
2021-09-30;-0.026325321279325076;-0.05504974673770835;0.0012100717958709595;0.051314812561448875;-0.02926669384064473;-0.01832719041797537
2021-10-29;0.04370637538657274;0.03658252067069423;0.014800048066794469;-0.057149488486040956;0.014465393421492223;-0.014578272257952163
2021-11-30;-0.0030115306244381523;-0.007601472941520471;-0.04680378185794354;-0.017647677848453225;-0.05240877368814867;-0.03383192971696858
2021-12-31;0.03323898289484961;0.07122068933574122;0.06650647381940411;0.01297470132055234;0.05381794577790222;0.013088262828196306
2022-01-31;-0.036825320925489735;-0.05865621239754937;0.03013305469164429;-0.030802106779389438;-0.028403632308966364;0.0017324298483334388
2022-02-28;-0.03888049350985667;-0.0145769192704156;-0.002081632459626448;-0.02087454971930336;-0.05965977687356594;-0.03934891851858313
2022-03-31;0.03779481134006768;0.026271202907440117;0.003933284575265317;-0.0008579128208904274;-0.0134729336914724;-0.019748722088061332
2022-04-29;-0.04745006584234224;6.408057090245833e-05;0.008828997690204954;-0.0447103589570893;-0.024867089534899023;-0.01059740192173897
2022-05-31;-0.010222527317240937;-0.03995754675729213;0.00903743907194765;0.008302552013629727;0.01691330508846023;-0.003434184261891904
2022-06-30;-0.08797620467586287;-0.07579618095604179;-0.0913155985810874;-0.08392155655712197;-0.11854749904851991;-0.070924789772434
2022-07-29;0.08972654133137348;0.043591375919189046;0.033982871240477275;0.053576806283822;0.043540250681217696;-0.004857200768917602
2022-08-31;-0.014459472272314033;-0.030177262417486084;-0.03209831761173443;-0.00042493639311924625;-0.03923314312157766;0.03038580793794443
2022-09-30;-0.09357895867789756;-0.06634292484171411;-0.08922398860693259;-0.10299664602914405;-0.08792062204946116;-0.1175486144483946
2022-10-31;0.10481490337374266;0.05513938940989105;0.08527722760718381;0.053904515945518705;0.11457314999658097;-0.008084137809817094
2022-11-30;0.0031215036646863314;0.026219151647385752;0.05378620706345072;0.043488635185283675;0.07416254288140256;0.0926111793549067
2022-12-30;-0.08587691043195755;-0.03559891646683877;-0.03260211703796889;-0.025942494365653768;-0.029008913778019063;-0.041896874054556776
2023-01-31;0.06972063137832141;0.06506807707696827;0.06902841597461218;0.06606762353403939;0.11993791096482065;0.08303017335215568
2023-02-28;-0.012074291917555047;-0.022256919747484116;0.014609991451435933;-0.02671075605014883;0.0048093189385916;-0.053463721563257405
2023-03-31;0.01166911962204642;0.02170338804806815;-0.029120355040655133;0.017494418036502868;0.008246209871323185;0.006978722594466635
2023-04-28;-0.009691189552691326;0.04276041933832109;0.0298719186921923;-0.018515461185069637;0.009726843368608185;-0.03299718049337963
2023-05-31;0.023748140487527047;-0.028266554825885137;-0.049656973155924655;0.03612674084720746;-0.038673475077046326;0.00034162970536577575
2023-06-30;0.05462615944283056;0.014497518575313562;0.026834028913357733;0.029374590786519494;0.05079975540823467;0.027176766008152775
2023-07-31;-0.0004196869498158673;0.0010866912840770127;-0.0004425621815398184;-0.00449712646111744;-0.004461547325627202;0.027130678427641275
2023-08-31;-0.005451514750204334;-0.024158852512063733;-0.028941053324627264;-0.01285889891007741;-0.034710939930046925;-0.050423001622312835
2023-09-29;-0.015671089953000927;-0.021421041308469557;0.02411887526011225;0.012423652991236489;-0.024679977386008356;0.006161229835706106
2023-10-31;-0.031335319726804034;-0.05415102610068567;-0.049809724046792736;-0.05316262866965926;-0.04226065193621542;-0.04693421123827979
2023-11-30;0.06147191901668525;0.05943475493297101;0.03489443133252945;0.053057706863741005;0.08091377719849335;0.04780026622071354
2023-12-29;0.005462400218421148;0.01489268750838768;0.003686576450232293;0.0023388558933306047;0.0035911514283164525;-0.0018873746322126683
2024-01-31;0.04320150163087;0.024061082220917296;0.013475289111879007;0.07464785741383917;0.03226868758403456;-0.02040061367823376
2024-02-29;0.07221905145836471;-0.004771523528555699;0.017892951458848838;0.04818589703733078;0.04763753895531364;0.06620460664684313
2024-03-29;0.06482619894277519;0.04920715796340969;0.07817895377779016;0.06456964080945382;0.07626112093318715;0.058018296198053765
2024-04-30;-0.03461313047421788;-0.03564870649765661;0.025985355838765045;-0.041931813634329185;-0.020599620370593708;0.011673200167883202
2024-05-31;0.04018625486143179;0.07397090880325141;0.028397012596087512;0.00620481666458117;0.038636503350409024;-0.0013346766369277674
2024-06-28;0.02867266327608764;-0.0064462242980523055;-0.02422621056144214;-0.01375351271023384;-0.0433961520776317;0.03295979573752583
2024-07-31;-0.008268671949408057;0.026560715299458693;0.02057029029293811;0.03623640329788147;-0.006711838117325009;-0.01696400429082956
2024-08-30;-0.013886323813309454;0.00883363563334627;-0.0050621033644467905;-0.032192245182416146;0.0009344469307726033;-0.021239898121010237
2024-09-30;0.01525449284317526;-0.017518638405964126;-0.0035753541497112185;-0.010467534737829909;0.012402227482449124;0.060656231179758935
2024-10-31;0.018510224621906213;-0.03024581135667792;-0.030228136018781715;-0.013882185753259613;-0.03476022315093741;-0.018273108684552564
2024-11-29;0.08199140865486831;-0.003951699288832211;0.03239499423703607;0.024992593709387112;-0.008486651888124697;-0.018232519472817454
2024-12-31;-0.000341080060679011;-0.015239936473345095;-0.002496980105589519;0.0224275145395596;0.019969324433068092;0.02482259154445976
2025-01-31;0.038368358725893614;0.08984201813252879;0.060225625940813154;0.02346398316261089;0.08540057615174312;0.02590306163331557
2025-02-28;-0.025316021651223264;0.024627911797528323;0.02532851941458203;-0.02310958510196981;0.02515423382186488;-0.004737390531317831
2025-03-31;-0.0806375629778252;-0.023782084216450894;-0.01664367766708541;-0.02046870597670769;-0.0167496374025784;-0.01695329285270808
2025-04-30;-0.06736550437161726;-0.013826489698626654;-0.03767765562730496;-0.01351646033595677;-0.010849257079032393;-0.04996234146959666
2025-05-30;0.062482586013058894;0.01647714356352714;0.04229234129761772;0.0385393985381135;0.0558467981430939;0.04104360993105649
2025-06-30;0.017884719914456948;-0.023199293847666058;-0.01823970268782693;-0.015178750004937513;-0.005994674985880688;0.027509804824208617
2025-07-31;0.0423737422141337;-0.006239200891054453;0.02780666376786889;0.004790356612603741;0.003666627623061247;0.03959499705795122
2025-08-29;0.00433131083404259;0.028861220884417005;0.021080994621152538;0.0535087617735901;0.011498768462059772;-0.0005625366600473525
2025-09-30;0.03074449015661096;-0.00943632269864525;0.006912872569801332;0.019887785061942553;0.02658739489145523;0.06566796809180908
2025-10-31;0.030955166841521553;0.013085087799074246;0.023906248004430086;0.04122302409108336;0.0132714250051853;0.04921405024778647
2025-11-28;0.006099007528240996;0.04964552746151307;0.019795384266641403;-0.0011131799122194863;0.014624761992293456;-0.01814175666086193
2025-12-31;-0.016082337132827473;0.029165983884197333;0.02106561134832563;-0.010706171390680419;0.01937607343820158;0.013568797575721492
2026-01-30;-0.01707696770148892;-0.003921132433978403;0.02042710518764901;0.03434395499926035;0.0105789686400648;0.0563673923257304
2026-02-27;-0.004809824071736579;0.06289801209518586;0.055469278884653805;0.09028306767949479;0.032575398996430804;0.05937448180464355
2026-03-31;-0.01566666964336394;-0.08381863312256321;-0.04472917986685321;-0.09224212718466807;-0.07406715487216442;-0.09978527631474832
2026-04-30;0.09088285732876211;0.05626048247514204;0.0387009981465527;0.07762585388597021;0.06983057075358645;0.13266539936240695
2026-05-29;0.04559572143131296;0.02881235574139862;-0.009509060938641678;0.042791763588410525;0.03168900294561516;0.08970758525049316
2026-06-30;0.02266703667585568;0.04959512990856885;0.023920867266194135;0.028697298738598054;0.053720384361548135;0.017792135279214305
2026-07-31;-0.004395488475189002;-0.0005978125236504317;0.049125992485341774;0.006394881296146515;-0.0025226564548395114;-0.0339843187890525
2026-08-31;0.030678969095724984;0.0013417388637209093;0.010466384159350639;0.03664359197380995;0.022358997938087155;0.037092829157025387
